timestamp,close,pct15,pct30,pct60,long_signal,short_quick,action,pos_side,pos_entry,pos_size,equity
2025-09-30 00:00:00 UTC,16.251,,,,False,False,,,,,10000.0
2025-09-30 00:15:00 UTC,16.249,-0.012306934957863789,,,False,False,,,,,10000.0
2025-09-30 00:30:00 UTC,16.297,0.29540279401810465,0.28305950403051733,,False,False,,,,,10000.0
2025-09-30 00:45:00 UTC,16.169,-0.7854206295637242,-0.4923379900301453,,False,False,,,,,10000.0
2025-09-30 01:00:00 UTC,16.172,0.01855402313068287,-0.7670123335583235,-0.4861239308350293,False,False,,,,,10000.0
2025-09-30 01:15:00 UTC,16.103,-0.42666336878554945,-0.4081885088750012,-0.8985168318050173,False,False,,,,,10000.0
2025-09-30 01:30:00 UTC,16.101,-0.01242004595418521,-0.4390304229532618,-1.2026753390194607,False,False,,,,,10000.0
2025-09-30 01:45:00 UTC,16.13,0.18011303645736237,0.1676706203812797,-0.24120230069887733,False,False,,,,,10000.0
2025-09-30 02:00:00 UTC,16.165,0.21698698078115403,0.39749083907831845,-0.04328468958694935,False,False,,,,,10000.0
2025-09-30 02:15:00 UTC,16.148,-0.10516548097741701,0.11159330440174012,0.27945103396881416,False,False,,,,,10000.0
2025-09-30 02:30:00 UTC,16.035,-0.6997770621748796,-0.8042066192390908,-0.40991242779950904,False,False,,,,,10000.0
2025-09-30 02:45:00 UTC,16.057,0.1371998752728311,-0.5635372801585403,-0.45257284562926475,False,False,,,,,10000.0
2025-09-30 03:00:00 UTC,16.026,-0.19306221585600553,-0.05612722170252785,-0.8598824621094918,False,False,,,,,10000.0
2025-09-30 03:15:00 UTC,16.06,0.21215524772244426,0.018683440244130996,-0.544959128065401,False,False,,,,,10000.0
2025-09-30 03:30:00 UTC,16.057,-0.01867995018680021,0.19343566704105083,0.1371998752728311,False,False,,,,,10000.0
2025-09-30 03:45:00 UTC,16.012,-0.2802516036619428,-0.29887920298878123,-0.2802516036619428,False,False,,,,,10000.0
2025-09-30 04:00:00 UTC,16.003,-0.05620784411691444,-0.33630192439433576,-0.14351678522400904,False,False,,,,,10000.0
2025-09-30 04:15:00 UTC,15.893,-0.6873711179153873,-0.7431926055458391,-1.0398505603984936,False,False,,,,,10000.0
2025-09-30 04:30:00 UTC,15.91,0.10696533064870987,-0.5811410360557393,-0.9154885719623745,False,False,,,,,10000.0
2025-09-30 04:45:00 UTC,15.911,0.006285355122560942,0.11325740892216009,-0.6307769173120213,False,False,,,,,10000.0
2025-09-30 05:00:00 UTC,15.929,0.11312928162906595,0.11942174732872488,-0.46241329750671656,False,False,,,,,10000.0
2025-09-30 05:15:00 UTC,16.012,0.5210622135727302,0.6347809691408514,0.7487573145409914,False,False,,,,,10000.0
2025-09-30 05:30:00 UTC,16.032,0.12490632025980249,0.6466193734697706,0.7668133249528591,False,False,,,,,10000.0
2025-09-30 05:45:00 UTC,16.0,-0.19960079840319378,-0.07494379215588592,0.5593614480548075,False,False,,,,,10000.0
2025-09-30 06:00:00 UTC,15.935,-0.4062499999999969,-0.6050399201596777,0.03766714796911436,False,False,,,,,10000.0
2025-09-30 06:15:00 UTC,15.922,-0.08158142453718167,-0.48749999999999627,-0.5620784411691222,False,False,,,,,10000.0
2025-09-30 06:30:00 UTC,15.924,0.012561236025617959,-0.06903043614685289,-0.6736526946107818,False,False,,,,,10000.0
2025-09-30 06:45:00 UTC,15.879,-0.28259231348907266,-0.27006657455094235,-0.7562500000000028,False,False,,,,,10000.0
2025-09-30 07:00:00 UTC,15.892,0.0818691353359777,-0.2009545340366744,-0.2698462503922249,False,False,,,,,10000.0
2025-09-30 07:15:00 UTC,15.844,-0.30203876164107757,-0.22041690282763488,-0.4898882049993793,False,False,,,,,10000.0
2025-09-30 07:30:00 UTC,15.897,0.33451148699823796,0.031462371004283805,-0.16955538809343915,False,False,,,,,10000.0
2025-09-30 07:45:00 UTC,15.997,0.6290495061961354,0.9656652360515052,0.7431198438188824,False,False,,,,,10000.0
2025-09-30 08:00:00 UTC,16.09,0.5813590048134023,1.214065546958543,1.2459098917694462,False,False,,,,,10000.0
2025-09-30 08:15:00 UTC,16.03,-0.3729024238657472,0.2062886791273442,1.173945973239092,False,False,,,,,10000.0
2025-09-30 08:30:00 UTC,16.046,0.09981285090454295,-0.27346177750155676,0.9372837642322397,False,False,,,,,10000.0
2025-09-30 08:45:00 UTC,16.138,0.5733516141094497,0.6737367436057425,0.8814152653622667,False,False,,,,,10000.0
2025-09-30 09:00:00 UTC,16.132,-0.03717932829347023,0.5359591175370939,0.2610316967060385,False,False,,,,,10000.0
2025-09-30 09:15:00 UTC,16.14,0.04959087527894321,0.012393109431149409,0.6862133499688049,False,False,,,,,10000.0
2025-09-30 09:30:00 UTC,16.082,-0.359355638166046,-0.3099429704934336,0.2243549794341354,False,False,,,,,10000.0
2025-09-30 09:45:00 UTC,16.055,-0.16788956597438764,-0.5266418835192123,-0.5143140413929976,False,False,,,,,10000.0
2025-09-30 10:00:00 UTC,16.043,-0.07474307069449053,-0.24250715085189328,-0.5516984874783175,False,False,,,,,10000.0
2025-09-30 10:15:00 UTC,15.965,-0.4861933553574731,-0.5605730302086569,-1.0842627013630775,False,False,,,,,10000.0
2025-09-30 10:30:00 UTC,15.836,-0.8080175383651711,-1.2902823661409897,-1.52966048998881,False,False,,,,,10000.0
2025-09-30 10:45:00 UTC,15.84,0.025258903763573877,-0.7829627309740057,-1.339146683276237,False,False,,,,,10000.0
2025-09-30 11:00:00 UTC,15.851,0.06944444444445082,0.09472088911341607,-1.196783643956856,False,False,,,,,10000.0
2025-09-30 11:15:00 UTC,15.875,0.15141000567786975,0.22095959595959686,-0.5637331663012832,False,False,,,,,10000.0
2025-09-30 11:30:00 UTC,15.901,0.16377952755905387,0.31543751182889995,0.41045718615811755,False,False,,,,,10000.0
2025-09-30 11:45:00 UTC,15.903,0.012577825294010867,0.17637795275590845,0.3977272727272766,False,False,,,,,10000.0
2025-09-30 12:00:00 UTC,15.844,-0.3709991825441807,-0.3584680208791924,-0.044161251656056076,False,False,,,,,10000.0
2025-09-30 12:15:00 UTC,15.846,0.012623074981069602,-0.35842293906810274,-0.18267716535433018,False,False,,,,,10000.0
2025-09-30 12:30:00 UTC,15.819,-0.1703900037864398,-0.15778843726330838,-0.5156908370542668,False,False,,,,,10000.0
2025-09-30 12:45:00 UTC,15.885,0.4172197989759084,0.24611889435819578,-0.11318619128466754,False,False,,,,,10000.0
2025-09-30 13:00:00 UTC,15.865,-0.12590494176896175,0.2907895568619974,0.1325422873011916,False,False,,,,,10000.0
2025-09-30 13:15:00 UTC,15.887,0.1386700283643255,0.012590494176900648,0.2587403761201589,False,False,,,,,10000.0
2025-09-30 13:30:00 UTC,15.848,-0.24548372883489455,-0.10715411282697421,0.18332385106517426,False,False,,,,,10000.0
2025-09-30 13:45:00 UTC,15.872,0.15143866733972194,-0.09441681878265606,-0.08183821214982626,False,False,,,,,10000.0
2025-09-30 14:00:00 UTC,15.883,0.06930443548386614,0.22084805653709216,0.11345729593444001,False,False,,,,,10000.0
2025-09-30 14:15:00 UTC,15.908,0.1574009947742892,0.22681451612902967,0.1321835462957073,False,False,,,,,10000.0
2025-09-30 14:30:00 UTC,15.974,0.4148855921548952,0.5729396209784114,0.7950530035335653,False,False,,,,,10000.0
2025-09-30 14:45:00 UTC,15.867,-0.669838487542252,-0.25773195876287774,-0.03150201612902599,False,False,,,,,10000.0
2025-09-30 15:00:00 UTC,15.878,0.06932627465809058,-0.6009765869538004,-0.03148019895485114,False,False,,,,,10000.0
2025-09-30 15:15:00 UTC,15.952,0.46605365915102553,0.5357030314489133,0.2765903947699301,False,False,,,,,10000.0
2025-09-30 15:30:00 UTC,16.003,0.3197091273821474,0.7872528026199773,0.1815450106422932,False,False,,,,,10000.0
2025-09-30 15:45:00 UTC,16.072,0.4311691557832848,0.7522567703109279,1.2919896640826765,False,False,,,,,10000.0
2025-09-30 16:00:00 UTC,15.966,-0.6595321055251361,-0.23120664875336383,0.554225973044459,False,False,,,,,10000.0
2025-09-30 16:15:00 UTC,15.947,-0.11900288112238588,-0.77775012444002,-0.031344032096293765,False,False,,,,,10000.0
2025-09-30 16:30:00 UTC,16.147,1.254154386404962,1.1336590254290315,0.8998312816346832,False,False,,,,,10000.0
2025-09-30 16:45:00 UTC,16.044,-0.6378893912181706,0.608264877406417,-0.17421602787455634,False,False,,,,,10000.0
2025-09-30 17:00:00 UTC,16.021,-0.143355771628021,-0.7803307115872774,0.34448202430165037,False,False,,,,,10000.0
2025-09-30 17:15:00 UTC,16.081,0.3745084576493273,0.23061580653203087,0.8402834388913297,False,False,,,,,10000.0
2025-09-30 17:30:00 UTC,16.157,0.4726074249113893,0.8488858373384884,0.06193100885614395,False,False,,,,,10000.0
2025-09-30 17:45:00 UTC,15.821,-2.079593984031691,-1.616814874696846,-1.389927698828227,False,False,,,,,10000.0
2025-09-30 18:00:00 UTC,15.917,0.6067884457366797,-1.4854242743083506,-0.6491479932588539,False,False,,,,,10000.0
2025-09-30 18:15:00 UTC,15.897,-0.1256518188100746,0.48037418620820754,-1.1442074497854566,False,False,,,,,10000.0
2025-09-30 18:30:00 UTC,15.892,-0.0314524753098118,-0.15706477351259882,-1.640155969548806,False,False,,,,,10000.0
2025-09-30 18:45:00 UTC,15.838,-0.3397936068462136,-0.3711392086557278,0.10745212059920019,False,False,,,,,10000.0
2025-09-30 19:00:00 UTC,15.846,0.050511428210638316,-0.2894538132393618,-0.4460639567757726,False,False,,,,,10000.0
2025-09-30 19:15:00 UTC,15.879,0.20825444907231777,0.2588710695794947,-0.11322891111530907,False,False,,,,,10000.0
2025-09-30 19:30:00 UTC,15.828,-0.3211789155488391,-0.11359333585763398,-0.4027183488547701,False,False,,,,,10000.0
2025-09-30 19:45:00 UTC,15.915,0.5496588324488233,0.22671452862270666,0.486172496527339,False,False,,,,,10000.0
2025-09-30 20:00:00 UTC,15.828,-0.5466540999057478,0.0,-0.11359333585763398,False,False,,,,,10000.0
2025-09-30 20:15:00 UTC,15.86,0.20217336365933808,-0.34558592522777076,-0.11965489010643068,False,False,,,,,10000.0
2025-09-30 20:30:00 UTC,15.838,-0.13871374527112385,0.06317917614354175,0.06317917614354175,False,False,,,,,10000.0
2025-09-30 20:45:00 UTC,15.834,-0.025255714105313548,-0.16393442622950694,-0.5089538171536256,False,False,,,,,10000.0
2025-09-30 21:00:00 UTC,15.851,0.10736390046735655,0.08208107084228866,0.14531210513015835,False,False,,,,,10000.0
2025-09-30 21:15:00 UTC,15.884,0.20818875780707508,0.31577617784514783,0.151324085750321,False,False,,,,,10000.0
2025-09-30 21:30:00 UTC,16.036,0.9569377990430685,1.1671187937669578,1.250157848213172,False,False,,,,,10000.0
2025-09-30 21:45:00 UTC,16.018,-0.11224744325268571,0.8436162175774385,1.1620563344701342,False,False,,,,,10000.0
2025-09-30 22:00:00 UTC,16.058,0.24971906605068764,0.13719131953104555,1.305911298971667,False,False,,,,,10000.0
2025-09-30 22:15:00 UTC,16.066,0.04981940465810885,0.29966287926082075,1.1458071014857631,False,False,,,,,10000.0
2025-09-30 22:30:00 UTC,16.011,-0.3423378563425851,-0.2926890023664254,-0.15589922673984866,False,False,,,,,10000.0
2025-09-30 22:45:00 UTC,15.979,-0.1998625944663046,-0.541516245487363,-0.24347608939943488,False,False,,,,,10000.0
2025-09-30 23:00:00 UTC,16.006,0.1689717754552915,-0.031228530385353857,-0.3238261302777407,False,False,,,,,10000.0
2025-09-30 23:15:00 UTC,15.988,-0.11245782831438636,0.05632392515176382,-0.48549732354039216,False,False,,,,,10000.0
2025-09-30 23:30:00 UTC,15.94,-0.3002251688766578,-0.4123453704860723,-0.4434451314721113,False,False,,,,,10000.0
2025-09-30 23:45:00 UTC,15.851,-0.5583437892095272,-0.8568926695021184,-0.8010513799361558,False,False,,,,,10000.0
2025-10-01 00:00:00 UTC,15.911,0.37852501419467993,-0.18193224592220775,-0.5935274272147985,False,False,,,,,10000.0
2025-10-01 00:15:00 UTC,15.92,0.056564640814532975,0.43530376632388534,-0.42531898924192907,False,False,,,,,10000.0
2025-10-01 00:30:00 UTC,15.887,-0.20728643216080073,-0.15083904217207675,-0.3324968632371333,False,False,,,,,10000.0
2025-10-01 00:45:00 UTC,15.884,-0.01888336375653121,-0.22613065326632908,0.20818875780707508,False,False,,,,,10000.0
2025-10-01 01:00:00 UTC,15.898,0.08813900780659371,0.06923900044060699,-0.08170448117654391,False,False,,,,,10000.0
2025-10-01 01:15:00 UTC,15.895,-0.018870298150711496,0.06925207756232203,-0.15703517587939922,False,False,,,,,10000.0
2025-10-01 01:30:00 UTC,15.923,0.17615602390689192,0.15725248458925875,0.22660036507836334,False,False,,,,,10000.0
2025-10-01 01:45:00 UTC,15.945,0.13816491867110622,0.31456432840516335,0.3840342483001759,False,False,,,,,10000.0
2025-10-01 02:00:00 UTC,15.958,0.08153026026967639,0.21980782515857653,0.37740596301421875,False,False,,,,,10000.0
2025-10-01 02:15:00 UTC,15.912,-0.2882566737686388,-0.20696142991533067,0.1069518716577618,False,False,,,,,10000.0
2025-10-01 02:30:00 UTC,15.938,0.16339869281045627,-0.12532898859505937,0.09420335363939314,False,False,,,,,10000.0
2025-10-01 02:45:00 UTC,16.0,0.38900740368929215,0.5530417295123127,0.3449357165255548,False,False,,,,,10000.0
2025-10-01 03:00:00 UTC,15.998,-0.012500000000004174,0.3764587777638268,0.25065797719011873,False,False,,,,,10000.0
2025-10-01 03:15:00 UTC,16.007,0.05625703212902936,0.04375000000000906,0.5970336852689834,False,False,,,,,10000.0
2025-10-01 03:30:00 UTC,15.958,-0.3061160742175377,-0.250031253906733,0.12548625925460896,False,False,,,,,10000.0
2025-10-01 03:45:00 UTC,15.912,-0.2882566737686388,-0.5934903479727659,-0.5499999999999949,False,False,,,,,10000.0
2025-10-01 04:00:00 UTC,15.943,0.1948215183509226,-0.09399674144630009,-0.34379297412176346,False,False,,,,,10000.0
2025-10-01 04:15:00 UTC,15.901,-0.26343849965501986,-0.06913021618904605,-0.6622102830011972,False,False,,,,,10000.0
2025-10-01 04:30:00 UTC,15.947,0.2892899817621494,0.02508938091952305,-0.06893094372729044,False,False,,,,,10000.0
2025-10-01 04:45:00 UTC,15.892,-0.344892456261364,-0.05660021382303214,-0.1256913021618989,False,False,,,,,10000.0
2025-10-01 05:00:00 UTC,15.887,-0.03146237100427263,-0.37624631592148194,-0.3512513328733561,False,False,,,,,10000.0
2025-10-01 05:15:00 UTC,15.819,-0.4280229118146888,-0.4593506166624631,-0.5156908370542668,False,False,,,,,10000.0
2025-10-01 05:30:00 UTC,15.832,0.08217965737404324,-0.3461950022030573,-0.7211387721828459,False,False,,,,,10000.0
2025-10-01 05:45:00 UTC,15.889,0.3600303183425885,0.44250584739868837,-0.018877422602568045,False,False,,,,,10000.0
2025-10-01 06:00:00 UTC,15.835,-0.33985776323241546,0.01894896412329531,-0.32731163844652605,False,False,,,,,10000.0
2025-10-01 06:15:00 UTC,15.828,-0.04420587306600221,-0.3839133992069982,0.05689360895125207,False,False,,,,,10000.0
2025-10-01 06:30:00 UTC,15.804,-0.15163002274449794,-0.1957688664351158,-0.17685699848408581,False,False,,,,,10000.0
2025-10-01 06:45:00 UTC,15.773,-0.19615287269046178,-0.3474854687894852,-0.7300648247215034,False,False,,,,,10000.0
2025-10-01 07:00:00 UTC,15.787,0.08875927217397529,-0.1075677043786349,-0.3031259867382384,False,False,,,,,10000.0
2025-10-01 07:15:00 UTC,15.785,-0.012668651422060353,0.07607937614911846,-0.2716704574172306,False,False,,,,,10000.0
2025-10-01 07:30:00 UTC,15.756,-0.18371872030408562,-0.19636409704187358,-0.3037205770690967,False,False,,,,,10000.0
2025-10-01 07:45:00 UTC,15.748,-0.05077430820005646,-0.23439974659487367,-0.1584987003106597,False,False,,,,,10000.0
2025-10-01 08:00:00 UTC,15.615,-0.8445516891033726,-0.894897182025895,-1.0895040222968302,False,False,,,,,10000.0
2025-10-01 08:15:00 UTC,15.603,-0.07684918347742847,-0.9207518415036803,-1.1529933481153019,False,False,,,,,10000.0
2025-10-01 08:30:00 UTC,15.537,-0.4229955777734984,-0.49951969260326223,-1.3899466869763863,False,False,,,,,10000.0
2025-10-01 08:45:00 UTC,15.713,1.1327798159232694,0.7049926296225049,-0.22225044450088993,False,False,,,,,10000.0
2025-10-01 09:00:00 UTC,15.801,0.5600458219308914,1.6991697238849155,1.1911623439000958,False,False,,,,,10000.0
2025-10-01 09:15:00 UTC,15.77,-0.19619011454971572,0.3627569528415986,1.0703069922450799,False,False,,,,,10000.0
2025-10-01 09:30:00 UTC,15.778,0.050729232720360784,-0.1455604075691392,1.551135997940398,False,False,,,,,10000.0
2025-10-01 09:45:00 UTC,15.912,0.8492838129040458,0.900443880786311,1.2664672564118986,False,False,,,,,10000.0
2025-10-01 10:00:00 UTC,15.891,-0.13197586726998992,0.7161870959563921,0.5695842035314211,False,False,,,,,10000.0
2025-10-01 10:15:00 UTC,15.937,0.2894720281920545,0.15711412770235406,1.0589727330374117,False,False,,,,,10000.0
2025-10-01 10:30:00 UTC,15.966,0.1819664930664486,0.47196526335661243,1.1915325136265613,False,False,,,,,10000.0
2025-10-01 10:45:00 UTC,15.93,-0.22547914317925336,-0.043922946602244294,0.11312217194569447,False,False,,,,,10000.0
2025-10-01 11:00:00 UTC,15.855,-0.4708097928436867,-0.6952273581360321,-0.22654332641117353,False,False,,,,,10000.0
2025-10-01 11:15:00 UTC,15.877,0.13875748975086874,-0.3327055869428691,-0.3764823994478178,False,False,,,,,10000.0
2025-10-01 11:30:00 UTC,15.833,-0.2771304402594979,-0.13875748975086874,-0.83302016785669,False,False,,,,,10000.0
2025-10-01 11:45:00 UTC,15.792,-0.258952820059372,-0.535365623228575,-0.8662900188323911,False,False,,,,,10000.0
2025-10-01 12:00:00 UTC,15.79,-0.012664640324219021,-0.2715846649403211,-0.40996531062757036,False,False,,,,,10000.0
2025-10-01 12:15:00 UTC,15.718,-0.4559848005066446,-0.46859169199594636,-1.0014486363922699,False,False,,,,,10000.0
2025-10-01 12:30:00 UTC,15.725,0.04453492810789969,-0.41165294490183346,-0.682119623571026,False,False,,,,,10000.0
2025-10-01 12:45:00 UTC,15.727,0.012718600953899319,0.057259193281590154,-0.4116008105369776,False,False,,,,,10000.0
2025-10-01 13:00:00 UTC,15.725,-0.012716983531510575,0.0,-0.41165294490183346,False,False,,,,,10000.0
2025-10-01 13:15:00 UTC,15.71,-0.09538950715420536,-0.10809436001780034,-0.050897060694739274,False,False,,,,,10000.0
2025-10-01 13:30:00 UTC,15.68,-0.19096117122852407,-0.28616852146263866,-0.28616852146263866,False,False,,,,,10000.0
2025-10-01 13:45:00 UTC,15.674,-0.03826530612245043,-0.22915340547422894,-0.3370000635849229,False,False,,,,,10000.0
2025-10-01 14:00:00 UTC,15.68,0.03827995406405658,0.0,-0.28616852146263866,False,False,,,,,10000.0
2025-10-01 14:15:00 UTC,15.62,-0.382653061224493,-0.34451958657649784,-0.572883513685561,False,False,,,,,10000.0
2025-10-01 14:30:00 UTC,15.638,0.11523687580026044,-0.2678571428571417,-0.2678571428571417,False,False,,,,,10000.0
2025-10-01 14:45:00 UTC,15.621,-0.1087095536513586,0.006402048655577607,-0.33813959423248086,False,False,,,,,10000.0
2025-10-01 15:00:00 UTC,15.597,-0.15363933166891305,-0.26218186468858146,-0.5293367346938788,False,False,,,,,10000.0
2025-10-01 15:15:00 UTC,15.604,0.04488042572289333,-0.10882785993215055,-0.10243277848911661,False,False,,,,,10000.0
2025-10-01 15:30:00 UTC,15.481,-0.7882594206613646,-0.7437327691222649,-1.0039647013684616,False,False,,,,,10000.0
2025-10-01 15:45:00 UTC,15.492,0.07105484141851953,-0.7177646757241626,-0.8258114077203735,False,False,,,,,10000.0
2025-10-01 16:00:00 UTC,15.518,0.1678285566744113,0.2390026484077308,-0.5065076617298125,False,False,,,,,10000.0
2025-10-01 16:15:00 UTC,15.556,0.24487691712848614,0.41311644719854296,-0.30761343245321743,False,False,,,,,10000.0
2025-10-01 16:30:00 UTC,15.491,-0.41784520442272766,-0.17399149374920106,0.064595310380465,False,False,,,,,10000.0
2025-10-01 16:45:00 UTC,15.509,0.11619650119424622,-0.30213422473642854,0.10973405628711243,False,False,,,,,10000.0
2025-10-01 17:00:00 UTC,15.566,0.36752853182023587,0.4841520883093478,0.30931821110967933,False,False,,,,,10000.0
2025-10-01 17:15:00 UTC,15.622,0.35975844789926226,0.7286091946611615,0.42427359218308514,False,False,,,,,10000.0
2025-10-01 17:30:00 UTC,15.503,-0.7617462552810125,-0.40472825388668004,0.07746433412949748,False,False,,,,,10000.0
2025-10-01 17:45:00 UTC,15.456,-0.3031671289427891,-1.062604019971837,-0.3417370559030294,False,False,,,,,10000.0
2025-10-01 18:00:00 UTC,15.481,0.16174948240165862,-0.14190801780300744,-0.5460619298471081,False,False,,,,,10000.0
2025-10-01 18:15:00 UTC,15.397,-0.5426006071959152,-0.3817287784679042,-1.4402765330943519,False,False,,,,,10000.0
2025-10-01 18:30:00 UTC,15.403,0.038968630252648094,-0.5038434209676339,-0.6450364445591152,False,False,,,,,10000.0
2025-10-01 18:45:00 UTC,15.391,-0.07790690125300562,-0.038968630252648094,-0.4205486542443032,False,False,,,,,10000.0
2025-10-01 19:00:00 UTC,15.402,0.07147033980897428,-0.0064922417710914886,-0.5103029520056884,False,False,,,,,10000.0
2025-10-01 19:15:00 UTC,15.416,0.09089728606675186,0.1624325904749552,0.12340066246671513,False,False,,,,,10000.0
2025-10-01 19:30:00 UTC,15.397,-0.12324857291126186,-0.03246331645240232,-0.03895345062650281,False,False,,,,,10000.0
2025-10-01 19:45:00 UTC,15.399,0.012989543417541674,-0.11027503892060998,0.051978428951979204,False,False,,,,,10000.0
2025-10-01 20:00:00 UTC,15.371,-0.1818299889603136,-0.16886406442813406,-0.20127256200492666,False,False,,,,,10000.0
2025-10-01 20:15:00 UTC,15.31,-0.39685121332379114,-0.5779596077667293,-0.6875973015049291,False,False,,,,,10000.0
2025-10-01 20:30:00 UTC,15.354,0.2873938602220686,-0.11059787912303191,-0.2792751834773075,False,False,,,,,10000.0
2025-10-01 20:45:00 UTC,15.318,-0.2344665885111345,0.05225342913128099,-0.5260081823495001,False,False,,,,,10000.0
2025-10-01 21:00:00 UTC,15.302,-0.10445227836532193,-0.3386739611827511,-0.44889727408757296,False,False,,,,,10000.0
2025-10-01 21:15:00 UTC,15.31,0.05228074761469675,-0.05222613918265517,0.0,False,False,,,,,10000.0
2025-10-01 21:30:00 UTC,15.366,0.3657740039190017,0.4182459809175275,0.07815552950371535,False,False,,,,,10000.0
2025-10-01 21:45:00 UTC,15.37,0.02603149811271352,0.39190071848464214,0.33946990468729343,False,False,,,,,10000.0
2025-10-01 22:00:00 UTC,15.346,-0.15614834092387206,-0.13015749056357917,0.28754411188080303,False,False,,,,,10000.0
2025-10-01 22:15:00 UTC,15.356,0.06516356053694634,-0.09108653220559107,0.3004572175048947,False,False,,,,,10000.0
2025-10-01 22:30:00 UTC,15.367,0.07163323782235614,0.13684347712759543,0.006507874528187051,False,False,,,,,10000.0
2025-10-01 22:45:00 UTC,15.411,0.2863278453829551,0.358166189111746,0.26675341574496014,False,False,,,,,10000.0
2025-10-01 23:00:00 UTC,15.401,-0.0648887158523119,0.22125333506864656,0.3583995829532107,False,False,,,,,10000.0
2025-10-01 23:15:00 UTC,15.394,-0.045451594052332144,-0.11031081694892908,0.24746027611357288,False,False,,,,,10000.0
2025-10-01 23:30:00 UTC,15.396,0.012992074834355384,-0.032465424323089444,0.18871607991149808,False,False,,,,,10000.0
2025-10-01 23:45:00 UTC,15.33,-0.42868277474669214,-0.4157463946992338,-0.5255985984037345,False,False,,,,,10000.0
2025-10-02 00:00:00 UTC,15.34,0.06523157208088576,-0.3637308391790136,-0.39607817674176965,False,False,,,,,10000.0
2025-10-02 00:15:00 UTC,15.376,0.23468057366362183,0.3000652315720768,-0.11692867350916385,False,False,,,,,10000.0
2025-10-02 00:30:00 UTC,15.361,-0.0975546305931243,0.13689700130378615,-0.22733177448688063,False,False,,,,,10000.0
2025-10-02 00:45:00 UTC,15.252,-0.7095892194518585,-0.8064516129032178,-0.5088062622309159,False,False,,,,,10000.0
2025-10-02 01:00:00 UTC,15.355,0.6753212693417241,-0.03905995703404874,0.09778357235984726,False,False,,,,,10000.0
2025-10-02 01:15:00 UTC,15.389,0.22142624552262402,0.8982428533962672,0.08454734651404723,False,False,,,,,10000.0
2025-10-02 01:30:00 UTC,15.369,-0.1299629605562387,0.0911755128622556,0.05207994271205728,False,False,,,,,10000.0
2025-10-02 01:45:00 UTC,15.494,0.8133255254082894,0.6823055429202706,1.5866771570941456,False,False,,,,,10000.0
2025-10-02 02:00:00 UTC,15.508,0.09035755776429163,0.9044179842540137,0.9964181048518311,False,False,,,,,10000.0
2025-10-02 02:15:00 UTC,15.449,-0.3804488006190307,-0.2904350070995219,0.38988888166872765,False,False,,,,,10000.0
2025-10-02 02:30:00 UTC,15.472,0.14887694996439696,-0.23213825122517145,0.6701802329364289,False,False,,,,,10000.0
2025-10-02 02:45:00 UTC,15.47,-0.01292657704239201,0.13593112822836945,-0.154898670453073,False,False,,,,,10000.0
2025-10-02 03:00:00 UTC,15.425,-0.2908855850032316,-0.3037745604963729,-0.5352076347691412,False,False,,,,,10000.0
2025-10-02 03:15:00 UTC,15.465,0.2593192868719556,-0.03232062055591973,0.10356657388827764,False,False,,,,,10000.0
2025-10-02 03:30:00 UTC,15.495,0.19398642095052931,0.45380875202592225,0.14865563598758846,False,False,,,,,10000.0
2025-10-02 03:45:00 UTC,15.554,0.38076798967409525,0.5754930488199186,0.542986425339364,False,False,,,,,10000.0
2025-10-02 04:00:00 UTC,15.546,-0.051433714800057186,0.32913843175217916,0.7844408427876737,False,False,,,,,10000.0
2025-10-02 04:15:00 UTC,15.524,-0.14151550238003502,-0.19287643050020017,0.3815066278693778,False,False,,,,,10000.0
2025-10-02 04:30:00 UTC,15.542,0.11594949755218169,-0.02573009134182143,0.30332365279122686,False,False,,,,,10000.0
2025-10-02 04:45:00 UTC,15.559,0.10938103204220474,0.22545735635145672,0.03214607175002575,False,False,,,,,10000.0
2025-10-02 05:00:00 UTC,15.577,0.11568866893759677,0.22519624243984138,0.1994082078991418,False,False,,,,,10000.0
2025-10-02 05:15:00 UTC,15.559,-0.11555498491365912,0.0,0.22545735635145672,False,False,,,,,10000.0
2025-10-02 05:30:00 UTC,15.504,-0.35349315508708606,-0.46863966103871346,-0.24449877750611412,False,False,,,,,10000.0
2025-10-02 05:45:00 UTC,15.496,-0.05159958720329669,-0.40491034128156594,-0.40491034128156594,False,False,,,,,10000.0
2025-10-02 06:00:00 UTC,15.493,-0.01935983479607714,-0.07094943240453581,-0.5392565962637198,False,False,,,,,10000.0
2025-10-02 06:15:00 UTC,15.378,-0.7422707028980844,-0.7614868353123407,-1.1633138376502292,False,False,,,,,10000.0
2025-10-02 06:30:00 UTC,15.329,-0.31863701391598054,-1.0585425676111773,-1.1287409700722326,False,False,,,,,10000.0
2025-10-02 06:45:00 UTC,15.306,-0.15004240328789525,-0.4682013265704315,-1.2261228704181808,False,False,,,,,10000.0
2025-10-02 07:00:00 UTC,15.387,0.5292042336338776,0.37836779959553674,-0.6841799522364931,False,False,,,,,10000.0
2025-10-02 07:15:00 UTC,15.387,0.0,0.5292042336338776,0.05852516582130538,False,False,,,,,10000.0
2025-10-02 07:30:00 UTC,15.39,0.019496977968415635,0.019496977968415635,0.39793854785047905,False,False,,,,,10000.0
2025-10-02 07:45:00 UTC,15.429,0.25341130604288303,0.27295769155780736,0.8036064288514382,False,False,,,,,10000.0
2025-10-02 08:00:00 UTC,15.418,-0.071294315898639,0.18193632228719098,0.2014687723402795,False,False,,,,,10000.0
2025-10-02 08:15:00 UTC,15.36,-0.37618368141133635,-0.44720979972779074,-0.1754728017157407,False,False,,,,,10000.0
2025-10-02 08:30:00 UTC,15.399,0.25390624999999806,-0.1232325852899217,0.05847953216373337,False,False,,,,,10000.0
2025-10-02 08:45:00 UTC,15.498,0.642898889538283,0.8984374999999994,0.4472097997277793,False,False,,,,,10000.0
2025-10-02 09:00:00 UTC,15.428,-0.4516711833784909,0.18832391713748745,0.06485925541575796,False,False,,,,,10000.0
2025-10-02 09:15:00 UTC,15.432,0.025926886180966807,-0.4258614014711508,0.4687500000000062,False,False,,,,,10000.0
2025-10-02 09:30:00 UTC,15.416,-0.10368066355624685,-0.07778065854291194,0.11039677901163217,False,False,,,,,10000.0
2025-10-02 09:45:00 UTC,15.434,0.11676180591592439,0.012960082944523662,-0.41295651051748655,False,False,,,,,10000.0
2025-10-02 10:00:00 UTC,15.425,-0.05831281586107662,0.05838090295796797,-0.019445164635727985,False,False,,,,,10000.0
2025-10-02 10:15:00 UTC,15.437,0.07779578606157976,0.019437605287029376,0.03240020736132067,False,False,,,,,10000.0
2025-10-02 10:30:00 UTC,15.383,-0.34980890069314163,-0.27228525121556946,-0.2140633108458825,False,False,,,,,10000.0
2025-10-02 10:45:00 UTC,15.406,0.1495156991484201,-0.2008162207682763,-0.18141764934559215,False,False,,,,,10000.0
2025-10-02 11:00:00 UTC,15.361,-0.29209398935479636,-0.1430150165767306,-0.41491085899513813,False,False,,,,,10000.0
2025-10-02 11:15:00 UTC,15.284,-0.5012694486036062,-0.7918992600285595,-0.9911252186305545,False,False,,,,,10000.0
2025-10-02 11:30:00 UTC,15.269,-0.0981418476838561,-0.598919341188728,-0.7410778131703764,False,False,,,,,10000.0
2025-10-02 11:45:00 UTC,15.242,-0.17682886895015554,-0.2747971735147855,-1.064520316759702,False,False,,,,,10000.0
2025-10-02 12:00:00 UTC,15.141,-0.6626426978086921,-0.8382998231711317,-1.4321984245817372,False,False,,,,,10000.0
2025-10-02 12:15:00 UTC,15.158,0.11227792087708513,-0.5511087783755505,-0.824391520544368,False,False,,,,,10000.0
2025-10-02 12:30:00 UTC,15.149,-0.05937458767647673,0.05283666864803593,-0.785906084222942,False,False,,,,,10000.0
2025-10-02 12:45:00 UTC,15.197,0.3168525975311905,0.2572898799313874,-0.29523684555833685,False,False,,,,,10000.0
2025-10-02 13:00:00 UTC,15.159,-0.25004935184574906,0.06601095781900829,0.11888250445809842,False,False,,,,,10000.0
2025-10-02 13:15:00 UTC,15.013,-0.9631242166369866,-1.2107652826215654,-0.9565905792320859,False,False,,,,,10000.0
2025-10-02 13:30:00 UTC,15.087,0.4929061480050612,-0.4749653671086546,-0.4092679384777833,False,False,,,,,10000.0
2025-10-02 13:45:00 UTC,15.042,-0.2982700338039367,0.19316592286684817,-1.0199381456866445,False,False,,,,,10000.0
2025-10-02 14:00:00 UTC,15.026,-0.10636883393165812,-0.40432160137866996,-0.8773665809090367,False,False,,,,,10000.0
2025-10-02 14:15:00 UTC,15.01,-0.10648209769732472,-0.21273766786331624,-0.01998268167588166,False,False,,,,,10000.0
2025-10-02 14:30:00 UTC,14.985,-0.1665556295802822,-0.2728603753493969,-0.6760787432889264,False,False,,,,,10000.0
2025-10-02 14:45:00 UTC,14.994,0.060060060060062335,-0.10659560293137917,-0.31910650179497435,False,False,,,,,10000.0
2025-10-02 15:00:00 UTC,15.071,0.5135387488328662,0.5739072405739093,0.29948089977372505,False,False,,,,,10000.0
2025-10-02 15:15:00 UTC,15.09,0.12606993563798108,0.640256102440977,0.5329780146568959,False,False,,,,,10000.0
2025-10-02 15:30:00 UTC,15.006,-0.556660039761429,-0.43129188507729743,0.14014014014014547,False,False,,,,,10000.0
2025-10-02 15:45:00 UTC,15.023,0.1132880181260793,-0.4440026507620953,0.19341069761237772,False,False,,,,,10000.0
2025-10-02 16:00:00 UTC,15.021,-0.013312920189036088,0.09996001599360635,-0.3317629885209935,False,False,,,,,10000.0
2025-10-02 16:15:00 UTC,14.997,-0.15977631316157984,-0.17306796245756376,-0.6163021868787274,False,False,,,,,10000.0
2025-10-02 16:30:00 UTC,14.949,-0.3200640128025608,-0.4793289394847277,-0.3798480607756923,False,False,,,,,10000.0
2025-10-02 16:45:00 UTC,14.842,-0.7157669409324993,-1.0335400413415974,-1.2048192771084283,False,False,,,,,10000.0
2025-10-02 17:00:00 UTC,14.88,0.2560301846112401,-0.46156933574151493,-0.9386858398242461,False,False,,,,,10000.0
2025-10-02 17:15:00 UTC,14.948,0.4569892473118254,0.7141894623366114,-0.3267320130692771,False,False,,,,,10000.0
2025-10-02 17:30:00 UTC,14.965,0.1137275889751101,0.5712365591397787,0.10703057060672963,False,False,,,,,10000.0
2025-10-02 17:45:00 UTC,14.912,-0.3541597059806151,-0.24083489430023808,0.4716345505996516,False,False,,,,,10000.0
2025-10-02 18:00:00 UTC,14.857,-0.3688304721030143,-0.7216839291680625,-0.1545698924731281,False,False,,,,,10000.0
2025-10-02 18:15:00 UTC,14.934,0.5182742141751361,0.14753218884119143,-0.09365801445010116,False,False,,,,,10000.0
2025-10-02 18:30:00 UTC,14.92,-0.09374581491897245,0.4240425388705702,-0.3007016371533574,False,False,,,,,10000.0
2025-10-02 18:45:00 UTC,14.926,0.040214477211797765,-0.053569037096552294,0.09388412017166943,False,False,,,,,10000.0
2025-10-02 19:00:00 UTC,14.934,0.05359774889454053,0.09383378016085353,0.5182742141751361,False,False,,,,,10000.0
2025-10-02 19:15:00 UTC,14.961,0.18079550020089075,0.23449015141364157,0.18079550020089075,False,False,,,,,10000.0
2025-10-02 19:30:00 UTC,14.909,-0.3475703495755605,-0.16740324092673484,-0.07372654155495464,False,False,,,,,10000.0
2025-10-02 19:45:00 UTC,14.838,-0.4762224159903515,-0.8221375576498972,-0.5895752378400172,False,False,,,,,10000.0
2025-10-02 20:00:00 UTC,14.688,-1.0109179134654172,-1.4823261117445843,-1.6472478907191552,False,False,,,,,10000.0
2025-10-02 20:15:00 UTC,14.649,-0.2655228758170035,-1.273756570966438,-2.0854220974533866,False,False,,,,,10000.0
2025-10-02 20:30:00 UTC,14.663,0.0955696634582642,-0.17020697167756232,-1.6500100610369606,False,False,,,,,10000.0
2025-10-02 20:45:00 UTC,14.71,0.3205346791243306,0.416410676496701,-0.8626499528238195,False,False,,,,,10000.0
2025-10-02 21:00:00 UTC,14.692,-0.12236573759347846,0.19777671690649878,0.027233115468406587,False,False,,,,,10000.0
2025-10-02 21:15:00 UTC,14.722,0.20419275796351322,0.08157715839564023,0.49832753088948323,False,False,,,,,10000.0
2025-10-02 21:30:00 UTC,14.75,0.1901915500611362,0.3947726653961328,0.5933301507194964,False,False,,,,,10000.0
2025-10-02 21:45:00 UTC,14.797,0.3186440677966142,0.5094416519494707,0.591434398368455,False,False,,,,,10000.0
2025-10-02 22:00:00 UTC,14.807,0.06758126647293226,0.3864406779661043,0.7827389055268188,False,False,,,,,10000.0
2025-10-02 22:15:00 UTC,14.74,-0.4524886877828066,-0.3852132188957247,0.12226599646787586,False,False,,,,,10000.0
2025-10-02 22:30:00 UTC,14.752,0.08141112618724868,-0.3714459377321518,0.013559322033902834,False,False,,,,,10000.0
2025-10-02 22:45:00 UTC,14.689,-0.4270607375271191,-0.3459972862957948,-0.7298776779076875,False,False,,,,,10000.0
2025-10-02 23:00:00 UTC,14.748,0.40166110695077456,-0.027114967462048098,-0.39846018774904474,False,False,,,,,10000.0
2025-10-02 23:15:00 UTC,14.727,-0.14239218877135218,0.2586969841377919,-0.08819538670284871,False,False,,,,,10000.0
2025-10-02 23:30:00 UTC,14.707,-0.13580498404291147,-0.2780037971250244,-0.3050433839479388,False,False,,,,,10000.0
2025-10-02 23:45:00 UTC,14.731,0.16318759774256567,0.027160996808579883,0.28592824562597735,False,False,,,,,10000.0
2025-10-03 00:00:00 UTC,14.771,0.2715362161428343,0.4351669273135245,0.15595334960673626,False,False,,,,,10000.0
2025-10-03 00:15:00 UTC,14.864,0.6296120777198562,0.9028579186749094,0.9302641406939665,False,False,,,,,10000.0
2025-10-03 00:30:00 UTC,14.801,-0.42384284176534315,0.20310067023220743,0.6391514244917346,False,False,,,,,10000.0
2025-10-03 00:45:00 UTC,14.994,1.3039659482467376,0.8745963401506929,1.7853506211390937,False,False,,,,,10000.0
2025-10-03 01:00:00 UTC,14.923,-0.4735227424303037,0.8242686304979386,1.029043395843201,False,False,,,,,10000.0
2025-10-03 01:15:00 UTC,14.972,0.32835220800106873,-0.14672535680939203,0.7265877287405729,False,False,,,,,10000.0
2025-10-03 01:30:00 UTC,14.93,-0.2805236441357188,0.04690745828586526,0.8715627322478181,False,False,,,,,10000.0
2025-10-03 01:45:00 UTC,14.94,0.0669792364367032,-0.2137323002938821,-0.360144057623051,False,False,,,,,10000.0
2025-10-03 02:00:00 UTC,14.9,-0.26773761713520183,-0.2009377093101096,-0.15412450579641954,False,False,,,,,10000.0
2025-10-03 02:15:00 UTC,14.937,0.24832214765100025,-0.020080321285141325,-0.2337697034464343,False,False,,,,,10000.0
2025-10-03 02:30:00 UTC,14.966,0.19414875811742596,0.4429530201342211,0.2411252511721339,False,False,,,,,10000.0
2025-10-03 02:45:00 UTC,14.956,-0.06681812107443397,0.1272009104907286,0.1070950468540831,False,False,,,,,10000.0
2025-10-03 03:00:00 UTC,14.92,-0.24070607114201384,-0.30736335694239864,0.13422818791946023,False,False,,,,,10000.0
2025-10-03 03:15:00 UTC,14.952,0.21447721179624685,-0.026745119015776673,0.100421771440052,False,False,,,,,10000.0
2025-10-03 03:30:00 UTC,14.944,-0.05350454788656447,0.16085790884719106,-0.1469998663637476,False,False,,,,,10000.0
2025-10-03 03:45:00 UTC,14.931,-0.08699143468951871,-0.14044943820225253,-0.167156993848625,False,False,,,,,10000.0
2025-10-03 04:00:00 UTC,14.933,0.013394950103815336,-0.07360813704497463,0.08713136729222454,False,False,,,,,10000.0
2025-10-03 04:15:00 UTC,14.946,0.08705551463202237,0.10046212577858528,-0.04012841091492929,False,False,,,,,10000.0
2025-10-03 04:30:00 UTC,14.952,0.040144520272984256,0.12723498292372684,0.05353319057815256,False,False,,,,,10000.0
2025-10-03 04:45:00 UTC,14.93,-0.1471375066880701,-0.1070520540612874,-0.00669747505190172,False,False,,,,,10000.0
2025-10-03 05:00:00 UTC,14.956,0.1741460147354307,0.026752273943282234,0.1540212951181925,False,False,,,,,10000.0
2025-10-03 05:15:00 UTC,14.922,-0.22733351163411955,-0.05358338914935779,-0.16057808109192515,False,False,,,,,10000.0
2025-10-03 05:30:00 UTC,14.944,0.14743331993030587,-0.08023535704733002,-0.05350454788656447,False,False,,,,,10000.0
2025-10-03 05:45:00 UTC,14.945,0.006691648822266099,0.15413483447258872,0.10046885465506074,False,False,,,,,10000.0
2025-10-03 06:00:00 UTC,14.986,0.2743392438942815,0.28104925053533064,0.2005883926183548,False,False,,,,,10000.0
2025-10-03 06:15:00 UTC,15.132,0.9742426264513481,1.2512546002007319,1.4073180538801708,False,False,,,,,10000.0
2025-10-03 06:30:00 UTC,15.254,0.8062384351044137,1.788335780061383,2.074411134903632,False,False,,,,,10000.0
2025-10-03 06:45:00 UTC,15.412,1.0357938901271881,1.8503832936822704,3.1247908999665475,False,False,,,,,10000.0
2025-10-03 07:00:00 UTC,15.296,-0.7526602647287921,0.27533761636292003,2.06859735753369,False,False,,,,,10000.0
2025-10-03 07:15:00 UTC,15.284,-0.07845188284517965,-0.8305216714248643,1.0044937879989495,False,False,,,,,10000.0
2025-10-03 07:30:00 UTC,15.21,-0.48416644857367075,-0.5622384937238397,-0.28844893142781375,False,False,,,,,10000.0
2025-10-03 07:45:00 UTC,15.231,0.13806706114397777,-0.34676786181628383,-1.1744095509992274,False,False,,,,,10000.0
2025-10-03 08:00:00 UTC,15.08,-0.991399120215349,-0.8547008547008598,-1.4121338912133847,False,False,,,,,10000.0
2025-10-03 08:15:00 UTC,15.154,0.4907161803713518,-0.5055478957389532,-0.8505626799267259,False,False,,,,,10000.0
2025-10-03 08:30:00 UTC,15.279,0.8248647221855615,1.319628647214853,0.4536489151873706,False,False,,,,,10000.0
2025-10-03 08:45:00 UTC,15.229,-0.327246547548928,0.4949188333113323,-0.013131114175042138,False,False,,,,,10000.0
2025-10-03 09:00:00 UTC,15.194,-0.2298246766038372,-0.5563191308331636,0.7559681697612783,False,False,,,,,10000.0
2025-10-03 09:15:00 UTC,15.145,-0.32249572199553284,-0.5515792238492326,-0.059390259997362686,False,False,,,,,10000.0
2025-10-03 09:30:00 UTC,15.118,-0.17827665896334927,-0.5001974463604087,-1.0537338831075307,False,False,,,,,10000.0
2025-10-03 09:45:00 UTC,15.104,-0.09260484191031301,-0.2707164080554663,-0.8208024164423141,False,False,,,,,10000.0
2025-10-03 10:00:00 UTC,15.076,-0.18538135593219474,-0.27781452573091553,-0.776622350928,False,False,,,,,10000.0
2025-10-03 10:15:00 UTC,15.014,-0.4112496683470494,-0.5958686440677957,-0.864971937933313,False,False,,,,,10000.0
2025-10-03 10:30:00 UTC,15.009,-0.03330225123217667,-0.44441496418148163,-0.7209948405873792,False,False,,,,,10000.0
2025-10-03 10:45:00 UTC,15.005,-0.026650676260907183,-0.059944052217920374,-0.6554555084745659,False,False,,,,,10000.0
2025-10-03 11:00:00 UTC,14.999,-0.03998667110963163,-0.06662669065227388,-0.5107455558503579,False,False,,,,,10000.0
2025-10-03 11:15:00 UTC,15.056,0.38002533502232555,0.33988670443184527,0.2797389103503385,False,False,,,,,10000.0
2025-10-03 11:30:00 UTC,15.121,0.4317215727949075,0.8133875591706107,0.746218935305484,False,False,,,,,10000.0
2025-10-03 11:45:00 UTC,15.1,-0.13887970372330397,0.2922422954303964,0.633122292569136,False,False,,,,,10000.0
2025-10-03 12:00:00 UTC,15.116,0.10596026490066233,-0.033066596124600105,0.7800520034668917,False,False,,,,,10000.0
2025-10-03 12:15:00 UTC,15.14,0.1587721619476112,0.26490066225166176,0.5579171094580327,False,False,,,,,10000.0
2025-10-03 12:30:00 UTC,15.111,-0.19154557463672334,-0.03307753373907783,-0.06613319224918845,False,False,,,,,10000.0
2025-10-03 12:45:00 UTC,15.149,0.251472437297323,0.05944517833552552,0.3245033112582748,False,False,,,,,10000.0
2025-10-03 13:00:00 UTC,15.294,0.9571588883754792,1.2110383164582081,1.1775602011114106,False,False,,,,,10000.0
2025-10-03 13:15:00 UTC,15.328,0.22230940238001126,1.1815961449600652,1.241743725231168,False,False,,,,,10000.0
2025-10-03 13:30:00 UTC,15.381,0.3457724425887319,0.5688505296194569,1.786777843954732,False,False,,,,,10000.0
2025-10-03 13:45:00 UTC,15.325,-0.3640855601066311,-0.01957202505219281,1.1617928576143652,False,False,,,,,10000.0
2025-10-03 14:00:00 UTC,15.246,-0.5154975530179371,-0.8777062609713269,-0.31384856806590844,False,False,,,,,10000.0
2025-10-03 14:15:00 UTC,15.311,0.42634133543224123,-0.091353996737353,-0.1109081419624182,False,False,,,,,10000.0
2025-10-03 14:30:00 UTC,15.3,-0.07184377245117389,0.35419126328217415,-0.5266237565827938,False,False,,,,,10000.0
2025-10-03 14:45:00 UTC,15.281,-0.12418300653594853,-0.19593756123048373,-0.2871125611745429,False,False,,,,,10000.0
2025-10-03 15:00:00 UTC,15.272,-0.05889666906616282,-0.18300653594771546,0.1705365341728965,False,False,,,,,10000.0
2025-10-03 15:15:00 UTC,15.267,-0.032739654269256034,-0.09161704076959049,-0.28737508980471876,False,False,,,,,10000.0
2025-10-03 15:30:00 UTC,15.27,0.019650225977599488,-0.013095861707704739,-0.19607843137255643,False,False,,,,,10000.0
2025-10-03 15:45:00 UTC,15.35,0.5239030779305833,0.5436562520468997,0.451541129507225,False,False,,,,,10000.0
2025-10-03 16:00:00 UTC,15.44,0.5863192182410415,1.113294040602488,1.100052383446826,False,False,,,,,10000.0
2025-10-03 16:15:00 UTC,15.479,0.2525906735751276,0.8403908794788245,1.3886159690836428,False,False,,,,,10000.0
2025-10-03 16:30:00 UTC,15.563,0.5426707151624873,0.7966321243523388,1.9187950229207666,False,False,,,,,10000.0
2025-10-03 16:45:00 UTC,15.613,0.3212748184797207,0.8656889979972888,1.7133550488599343,False,False,,,,,10000.0
2025-10-03 17:00:00 UTC,15.568,-0.2882213539998714,0.03212748184796636,0.8290155440414516,False,False,,,,,10000.0
2025-10-03 17:15:00 UTC,15.503,-0.41752312435765354,-0.7045410875552388,0.15504877576071394,False,False,,,,,10000.0
2025-10-03 17:30:00 UTC,15.45,-0.34186931561633765,-0.7579650565262097,-0.7260810897641927,False,False,,,,,10000.0
2025-10-03 17:45:00 UTC,15.342,-0.6990291262135843,-1.0385086757401767,-1.7357330429770002,False,False,,,,,10000.0
2025-10-03 18:00:00 UTC,15.426,0.5475166210402792,-0.15533980582523713,-0.9121274409044158,False,False,,,,,10000.0
2025-10-03 18:15:00 UTC,15.506,0.5186049526772986,1.068961022031024,0.01935109333677426,False,False,,,,,10000.0
2025-10-03 18:30:00 UTC,15.509,0.019347349413131133,0.5380526384026979,0.3818770226537285,False,False,,,,,10000.0
2025-10-03 18:45:00 UTC,15.565,0.36108066284092566,0.38049787179155986,1.4535262677616931,False,False,,,,,10000.0
2025-10-03 19:00:00 UTC,15.497,-0.43687761002248393,-0.07737442775163102,0.46026189550110025,False,False,,,,,10000.0
2025-10-03 19:15:00 UTC,15.422,-0.483964638317089,-0.9187279151943393,-0.5417257835676488,False,False,,,,,10000.0
2025-10-03 19:30:00 UTC,15.384,-0.24640124497471308,-0.7291733883977515,-0.8059836224127925,False,False,,,,,10000.0
2025-10-03 19:45:00 UTC,15.33,-0.3510140405616242,-0.5965503825703574,-1.5097976228718242,False,False,,,,,10000.0
2025-10-03 20:00:00 UTC,15.344,0.09132420091323774,-0.26001040041602264,-0.987287862166874,False,False,,,,,10000.0
2025-10-03 20:15:00 UTC,15.359,0.0977580813347274,0.18917155903457217,-0.4085073271949203,False,False,,,,,10000.0
2025-10-03 20:30:00 UTC,15.455,0.6250406927534351,0.7234098018769595,0.4615184607384278,False,False,,,,,10000.0
2025-10-03 20:45:00 UTC,15.448,-0.04529278550630652,0.5794648089068326,0.7697325505544704,False,False,,,,,10000.0
2025-10-03 21:00:00 UTC,15.4,-0.3107198342827553,-0.35587188612099463,0.3649635036496412,False,False,,,,,10000.0
2025-10-03 21:15:00 UTC,15.46,0.3896103896103928,0.0776799585706917,0.6575948955010148,False,False,,,,,10000.0
2025-10-03 21:30:00 UTC,15.414,-0.2975420439844835,0.09090909090908667,-0.2652863151083816,False,False,,,,,10000.0
2025-10-03 21:45:00 UTC,15.4,-0.09082652134422828,-0.38809831824062413,-0.3107198342827553,False,False,,,,,10000.0
2025-10-03 22:00:00 UTC,15.424,0.1558441558441502,0.06487608667445041,0.1558441558441502,False,False,,,,,10000.0
2025-10-03 22:15:00 UTC,15.414,-0.06483402489626418,0.09090909090908667,-0.2975420439844835,False,False,,,,,10000.0
2025-10-03 22:30:00 UTC,15.396,-0.11677695601400614,-0.1815352697095351,-0.11677695601400614,False,False,,,,,10000.0
2025-10-03 22:45:00 UTC,15.381,-0.09742790335152356,-0.2140910860256875,-0.12337662337662421,False,False,,,,,10000.0
2025-10-03 23:00:00 UTC,15.377,-0.02600611143618464,-0.12340867757859267,-0.3047199170124405,False,False,,,,,10000.0
2025-10-03 23:15:00 UTC,15.377,0.0,-0.02600611143618464,-0.2400415206954654,False,False,,,,,10000.0
2025-10-03 23:30:00 UTC,15.416,0.25362554464459713,0.25362554464459713,0.12990387113535706,False,False,,,,,10000.0
2025-10-03 23:45:00 UTC,15.402,-0.09081473793462067,0.1625804773362722,0.13653208503997802,False,False,,,,,10000.0
2025-10-04 00:00:00 UTC,15.43,0.18179457213349223,0.09081473793460915,0.3446706119529105,False,False,,,,,10000.0
2025-10-04 00:15:00 UTC,15.393,-0.23979261179519787,-0.05843396961432648,0.10405150549522021,False,False,,,,,10000.0
2025-10-04 00:30:00 UTC,15.402,0.05846813486648843,-0.18146467919637374,-0.09081473793462067,False,False,,,,,10000.0
2025-10-04 00:45:00 UTC,15.411,0.05843396961433801,0.11693626973298842,0.05843396961433801,False,False,,,,,10000.0
2025-10-04 01:00:00 UTC,15.447,0.23359937706832512,0.29216984807167856,0.110174983797793,False,False,,,,,10000.0
2025-10-04 01:15:00 UTC,15.484,0.2395287110765897,0.47368762572188955,0.5911778080945839,False,False,,,,,10000.0
2025-10-04 01:30:00 UTC,15.542,0.374580211831567,0.6150061500615047,0.9089728606674495,False,False,,,,,10000.0
2025-10-04 01:45:00 UTC,15.564,0.14155192381932982,0.5166623611469909,0.9927973525403964,False,False,,,,,10000.0
2025-10-04 02:00:00 UTC,15.541,-0.14777692109997229,-0.006434178355420447,0.6085324011134926,False,False,,,,,10000.0
2025-10-04 02:15:00 UTC,15.53,-0.07078051605431444,-0.218452839886923,0.2970808576595155,False,False,,,,,10000.0
2025-10-04 02:30:00 UTC,15.562,0.2060528010302642,0.13512643974003616,0.1286835671084775,False,False,,,,,10000.0
2025-10-04 02:45:00 UTC,15.475,-0.5590541061560195,-0.35415325177076445,-0.5718324338216423,False,False,,,,,10000.0
2025-10-04 03:00:00 UTC,15.448,-0.174474959612273,-0.732553656342366,-0.5984170902773307,False,False,,,,,10000.0
2025-10-04 03:15:00 UTC,15.445,-0.019419989642672924,-0.19386106623586016,-0.5473277527366328,False,False,,,,,10000.0
2025-10-04 03:30:00 UTC,15.406,-0.25250890255746,-0.27187985499740946,-1.0024418455211337,False,False,,,,,10000.0
2025-10-04 03:45:00 UTC,15.391,-0.0973646631182693,-0.34962771123341063,-0.5428109854604177,False,False,,,,,10000.0
2025-10-04 04:00:00 UTC,15.347,-0.28588135923592023,-0.3829676749318515,-0.6538063179699694,False,False,,,,,10000.0
2025-10-04 04:15:00 UTC,15.348,0.006515931452409084,-0.27938405561691415,-0.6280349627711203,False,False,,,,,10000.0
2025-10-04 04:30:00 UTC,15.263,-0.5538180870471778,-0.5473382420016918,-0.9282097883941366,False,False,,,,,10000.0
2025-10-04 04:45:00 UTC,15.186,-0.5044879774618355,-1.0555121188428511,-1.3319472418946143,False,False,,,,,10000.0
2025-10-04 05:00:00 UTC,15.135,-0.3358356380877134,-0.8386293651313641,-1.381377467909036,False,False,,,,,10000.0
2025-10-04 05:15:00 UTC,15.209,0.48893293690122125,0.1514552877650447,-0.9056554599947949,False,False,,,,,10000.0
2025-10-04 05:30:00 UTC,15.18,-0.19067657308172736,0.29732408325074283,-0.5437987289523697,False,False,,,,,10000.0
2025-10-04 05:45:00 UTC,15.221,0.2700922266139682,0.07890065093037317,0.23047543790333294,False,False,,,,,10000.0
2025-10-04 06:00:00 UTC,15.285,0.42047171670718125,0.6916996047430859,0.9910802775024801,False,False,,,,,10000.0
2025-10-04 06:15:00 UTC,15.214,-0.46450768727510455,-0.04598909401484576,0.032875271220992715,False,False,,,,,10000.0
2025-10-04 06:30:00 UTC,15.236,0.14460365452872512,-0.32057572783774607,0.36890645586298376,False,False,,,,,10000.0
2025-10-04 06:45:00 UTC,15.196,-0.2625360987135792,-0.11831208097805102,-0.16424676433874486,False,False,,,,,10000.0
2025-10-04 07:00:00 UTC,15.172,-0.15793629902605377,-0.42005775794171735,-0.7392868825646028,False,False,,,,,10000.0
2025-10-04 07:15:00 UTC,15.134,-0.2504613762193531,-0.4080021058173163,-0.5258314710135407,False,False,,,,,10000.0
2025-10-04 07:30:00 UTC,15.119,-0.0991145764503804,-0.3493277089375219,-0.7679180887372071,False,False,,,,,10000.0
2025-10-04 07:45:00 UTC,15.141,0.14551226932998373,0.0462534690101736,-0.3619373519347178,False,False,,,,,10000.0
2025-10-04 08:00:00 UTC,15.052,-0.5878079387094671,-0.4431510020504013,-0.7909306617453269,False,False,,,,,10000.0
2025-10-04 08:15:00 UTC,14.95,-0.6776508105235206,-1.2614754639720014,-1.215805471124627,False,False,,,,,10000.0
2025-10-04 08:30:00 UTC,14.88,-0.46822742474915396,-1.1427052883337685,-1.5807923804484356,False,False,,,,,10000.0
2025-10-04 08:45:00 UTC,14.896,0.10752688172043019,-0.36120401337791636,-1.6181229773462733,False,False,,,,,10000.0
2025-10-04 09:00:00 UTC,15.093,1.3225026852846347,1.4314516129032202,0.27238905128886776,False,False,,,,,10000.0
2025-10-04 09:15:00 UTC,14.979,-0.7553170343868069,0.5571965628356499,0.19397993311036735,False,False,,,,,10000.0
2025-10-04 09:30:00 UTC,14.748,-1.5421590226316835,-2.28582786722322,-0.8870967741935581,False,False,,,,,10000.0
2025-10-04 09:45:00 UTC,14.804,0.37971250339029655,-1.168302289872481,-0.6176154672395309,False,False,,,,,10000.0
2025-10-04 10:00:00 UTC,14.787,-0.11483382869494367,0.26444263628967646,-2.027429934406673,False,False,,,,,10000.0
2025-10-04 10:15:00 UTC,14.733,-0.3651856360316512,-0.47960010807889575,-1.6422992189064602,False,False,,,,,10000.0
2025-10-04 10:30:00 UTC,14.654,-0.5362112264983413,-0.8994386961520315,-0.6373745592622689,False,False,,,,,10000.0
2025-10-04 10:45:00 UTC,14.681,0.18425003412037155,-0.3529491617457502,-0.8308565252634497,False,False,,,,,10000.0
2025-10-04 11:00:00 UTC,14.622,-0.40187998092772476,-0.21837041080933553,-1.1158449989856016,False,False,,,,,10000.0
2025-10-04 11:15:00 UTC,14.603,-0.12994118451648287,-0.5312989578366556,-0.8823729043643573,False,False,,,,,10000.0
2025-10-04 11:30:00 UTC,14.677,0.5067451893446542,0.3761455341266565,0.15695373276920763,False,False,,,,,10000.0
2025-10-04 11:45:00 UTC,14.662,-0.10220072221842878,0.404026569882908,-0.12941897690891868,False,False,,,,,10000.0
2025-10-04 12:00:00 UTC,14.365,-2.0256445232574043,-2.1257750221434857,-1.7576254958282018,False,False,,,,,10000.0
2025-10-04 12:15:00 UTC,14.166,-1.3853115210581264,-3.3828945573591627,-2.992535780319108,False,False,,,,,10000.0
2025-10-04 12:30:00 UTC,14.112,-0.3811944091486677,-1.7612252001392281,-3.849560536894457,False,False,,,,,10000.0
2025-10-04 12:45:00 UTC,14.126,0.09920634920634458,-0.2823662289990182,-3.6557086345655527,False,False,,,,,10000.0
2025-10-04 13:00:00 UTC,14.197,0.5026192835905403,0.6023242630385421,-1.1695092238078737,False,False,,,,,10000.0
2025-10-04 13:15:00 UTC,14.253,0.39444953159118784,0.8990513945915382,0.6141465480728487,False,False,,,,,10000.0
2025-10-04 13:30:00 UTC,14.284,0.217498070581636,0.6128055222934531,1.2188208616780087,False,False,,,,,10000.0
2025-10-04 13:45:00 UTC,14.232,-0.3640436852422387,-0.14733740265207884,0.7503893529661608,False,False,,,,,10000.0
2025-10-04 14:00:00 UTC,14.212,-0.1405283867341173,-0.5040604872584776,0.10565612453335613,False,False,,,,,10000.0
2025-10-04 14:15:00 UTC,14.195,-0.11961722488037897,-0.25997751545811576,-0.40693187399143915,False,False,,,,,10000.0
2025-10-04 14:30:00 UTC,14.187,-0.056357872490319795,-0.1759076836476242,-0.6790814897787826,False,False,,,,,10000.0
2025-10-04 14:45:00 UTC,14.103,-0.5920913512370454,-0.6481155336386089,-0.9064080944350729,False,False,,,,,10000.0
2025-10-04 15:00:00 UTC,14.306,1.4394100545983082,0.8387960809191498,0.6614128905150537,False,False,,,,,10000.0
2025-10-04 15:15:00 UTC,14.178,-0.8947294841325202,0.5318017443097289,-0.11976047904191237,False,False,,,,,10000.0
2025-10-04 15:30:00 UTC,14.267,0.6277331076315322,-0.2726128896966287,0.5638965249876653,False,False,,,,,10000.0
2025-10-04 15:45:00 UTC,14.368,0.7079273848741913,1.3401043870785687,1.8790328298943528,False,False,,,,,10000.0
2025-10-04 16:00:00 UTC,14.203,-1.148385300668158,-0.44858764982126625,-0.7199776317628951,False,False,,,,,10000.0
2025-10-04 16:15:00 UTC,14.22,0.11969302260086767,-1.030066815144764,0.29623360135420945,False,False,,,,,10000.0
2025-10-04 16:30:00 UTC,14.152,-0.4781997187060576,-0.35907906780257803,-0.8060559332725887,False,False,,,,,10000.0
2025-10-04 16:45:00 UTC,14.125,-0.19078575466364647,-0.6680731364275713,-1.691258351893098,False,False,,,,,10000.0
2025-10-04 17:00:00 UTC,14.154,0.20530973451327372,0.014132278123238185,-0.344997535731884,False,False,,,,,10000.0
2025-10-04 17:15:00 UTC,14.234,0.5652112477038298,0.7716814159292035,0.09845288326300525,False,False,,,,,10000.0
2025-10-04 17:30:00 UTC,14.225,-0.06322888857664986,0.5016249823371466,0.5158281514980243,False,False,,,,,10000.0
2025-10-04 17:45:00 UTC,14.241,0.1124780316344465,0.04917802444850129,0.8212389380530949,False,False,,,,,10000.0
2025-10-04 18:00:00 UTC,14.158,-0.5828242398707969,-0.47100175746924544,0.028260562385188353,False,False,,,,,10000.0
2025-10-04 18:15:00 UTC,14.09,-0.4802938268116939,-1.060318797837229,-1.0116622172263603,False,False,,,,,10000.0
2025-10-04 18:30:00 UTC,14.089,-0.007097232079485065,-0.48735697132362665,-0.956063268892789,False,False,,,,,10000.0
2025-10-04 18:45:00 UTC,14.026,-0.4471573568031841,-0.4542228530872963,-1.5097254406291682,False,False,,,,,10000.0
2025-10-04 19:00:00 UTC,13.929,-0.6915727933837127,-1.1356377315636321,-1.617460093233502,False,False,,,,,10000.0
2025-10-04 19:15:00 UTC,13.907,-0.15794385813770007,-0.8484243547697118,-1.2987934705464856,False,False,,,,,10000.0
2025-10-04 19:30:00 UTC,13.91,0.021571870281154194,-0.1364060593007404,-1.2704947121868144,False,False,,,,,10000.0
2025-10-04 19:45:00 UTC,13.944,0.24442846872753918,0.26605306680089746,-0.5846285469841649,False,False,,,,,10000.0
2025-10-04 20:00:00 UTC,13.991,0.3370625358577081,0.5823148813802984,0.44511450929714547,False,False,,,,,10000.0
2025-10-04 20:15:00 UTC,13.899,-0.6575655778714926,-0.32271944922548557,-0.057524987416415437,False,False,,,,,10000.0
2025-10-04 20:30:00 UTC,13.867,-0.23023239081947083,-0.886284039739824,-0.30913012221422903,False,False,,,,,10000.0
2025-10-04 20:45:00 UTC,13.782,-0.6129660344703313,-0.8417871789337299,-1.1617900172117097,False,False,,,,,10000.0
2025-10-04 21:00:00 UTC,13.732,-0.3627920475983218,-0.973534290041116,-1.8511900507469112,False,False,,,,,10000.0
2025-10-04 21:15:00 UTC,13.677,-0.4005243227497795,-0.7618632999564681,-1.5972372113101632,False,False,,,,,10000.0
2025-10-04 21:30:00 UTC,13.707,0.21934634788331608,-0.18205651034079945,-1.1538184178264954,False,False,,,,,10000.0
2025-10-04 21:45:00 UTC,13.608,-0.7222586999343414,-0.5044966001316009,-1.2625163256421383,False,False,,,,,10000.0
2025-10-04 22:00:00 UTC,13.606,-0.01469723691946405,-0.7368497847815048,-0.9175648121176774,False,False,,,,,10000.0
2025-10-04 22:15:00 UTC,13.514,-0.6761722769366495,-0.6907701352145884,-1.1917818234993074,False,False,,,,,10000.0
2025-10-04 22:30:00 UTC,13.491,-0.17019387302056896,-0.8452153461708085,-1.5758371634931136,False,False,,,,,10000.0
2025-10-04 22:45:00 UTC,13.511,0.1482469794677902,-0.02219920082877101,-0.712815990593778,False,False,,,,,10000.0
2025-10-04 23:00:00 UTC,13.517,0.04440825993634984,0.19272107330812988,-0.6541231809495841,False,False,,,,,10000.0
2025-10-04 23:15:00 UTC,13.528,0.0813790042169195,0.12582340315299562,0.10359627053426908,False,False,,,,,10000.0
2025-10-04 23:30:00 UTC,13.456,-0.5322294500295753,-0.45128356883923904,-0.2594322140686394,False,False,,,,,10000.0
2025-10-04 23:45:00 UTC,13.43,-0.19322235434006987,-0.7244234180958068,-0.5995115091406966,False,False,,,,,10000.0
2025-10-05 00:00:00 UTC,13.449,0.1414743112434857,-0.05202140309155524,-0.5030702078863625,False,False,,,,,10000.0
2025-10-05 00:15:00 UTC,13.527,0.5799687709123311,0.7222635889798923,-0.0073920756948641485,False,False,,,,,10000.0
2025-10-05 00:30:00 UTC,13.517,-0.07392622163081088,0.505613800282546,0.4533293697978593,False,False,,,,,10000.0
2025-10-05 00:45:00 UTC,13.557,0.2959236516978688,0.22177866489244577,0.9456440804169819,False,False,,,,,10000.0
2025-10-05 01:00:00 UTC,13.549,-0.05901010548057015,0.2367389213582898,0.7435497062978633,False,False,,,,,10000.0
