human_utc,timestamp,close,pct15_pct_str,pct30_pct_str,pct60_pct_str,long_signal,short_quick,action,action_desc,pos_side,pos_entry,pos_size,pos_notional,equity_fmt
2025-09-30 00:00:00 UTC,2025-09-30 00:00:00+00:00,16.12,,,,False,False,,,,,,,"$10,000.00"
2025-09-30 00:15:00 UTC,2025-09-30 00:15:00+00:00,16.018,-0.63%,,,False,False,,,,,,,"$10,000.00"
2025-09-30 00:30:00 UTC,2025-09-30 00:30:00+00:00,15.992,-0.16%,-0.79%,,False,False,,,,,,,"$10,000.00"
2025-09-30 00:45:00 UTC,2025-09-30 00:45:00+00:00,16.023,+0.19%,+0.03%,,False,False,,,,,,,"$10,000.00"
2025-09-30 01:00:00 UTC,2025-09-30 01:00:00+00:00,15.743,-1.75%,-1.56%,-2.34%,False,False,,,,,,,"$10,000.00"
2025-09-30 01:15:00 UTC,2025-09-30 01:15:00+00:00,15.643,-0.64%,-2.37%,-2.34%,False,False,,,,,,,"$10,000.00"
2025-09-30 01:30:00 UTC,2025-09-30 01:30:00+00:00,15.701,+0.37%,-0.27%,-1.82%,False,False,,,,,,,"$10,000.00"
2025-09-30 01:45:00 UTC,2025-09-30 01:45:00+00:00,15.698,-0.02%,+0.35%,-2.03%,False,False,,,,,,,"$10,000.00"
2025-09-30 02:00:00 UTC,2025-09-30 02:00:00+00:00,15.679,-0.12%,-0.14%,-0.41%,False,False,,,,,,,"$10,000.00"
2025-09-30 02:15:00 UTC,2025-09-30 02:15:00+00:00,15.684,+0.03%,-0.09%,+0.26%,False,False,,,,,,,"$10,000.00"
2025-09-30 02:30:00 UTC,2025-09-30 02:30:00+00:00,15.683,-0.01%,+0.03%,-0.11%,False,False,,,,,,,"$10,000.00"
2025-09-30 02:45:00 UTC,2025-09-30 02:45:00+00:00,15.719,+0.23%,+0.22%,+0.13%,False,False,,,,,,,"$10,000.00"
2025-09-30 03:00:00 UTC,2025-09-30 03:00:00+00:00,15.876,+1.00%,+1.23%,+1.26%,False,False,,,,,,,"$10,000.00"
2025-09-30 03:15:00 UTC,2025-09-30 03:15:00+00:00,16.026,+0.94%,+1.95%,+2.18%,False,False,,,,,,,"$10,000.00"
2025-09-30 03:30:00 UTC,2025-09-30 03:30:00+00:00,16.087,+0.38%,+1.33%,+2.58%,False,False,,,,,,,"$10,000.00"
2025-09-30 03:45:00 UTC,2025-09-30 03:45:00+00:00,16.037,-0.31%,+0.07%,+2.02%,False,False,,,,,,,"$10,000.00"
2025-09-30 04:00:00 UTC,2025-09-30 04:00:00+00:00,16.268,+1.44%,+1.13%,+2.47%,False,False,,,,,,,"$10,000.00"
2025-09-30 04:15:00 UTC,2025-09-30 04:15:00+00:00,16.209,-0.36%,+1.07%,+1.14%,False,False,,,,,,,"$10,000.00"
2025-09-30 04:30:00 UTC,2025-09-30 04:30:00+00:00,16.266,+0.35%,-0.01%,+1.11%,False,False,,,,,,,"$10,000.00"
2025-09-30 04:45:00 UTC,2025-09-30 04:45:00+00:00,16.131,-0.83%,-0.48%,+0.59%,False,False,,,,,,,"$10,000.00"
2025-09-30 05:00:00 UTC,2025-09-30 05:00:00+00:00,16.002,-0.80%,-1.62%,-1.64%,False,False,,,,,,,"$10,000.00"
2025-09-30 05:15:00 UTC,2025-09-30 05:15:00+00:00,15.987,-0.09%,-0.89%,-1.37%,False,False,,,,,,,"$10,000.00"
2025-09-30 05:30:00 UTC,2025-09-30 05:30:00+00:00,16.06,+0.46%,+0.36%,-1.27%,False,False,,,,,,,"$10,000.00"
2025-09-30 05:45:00 UTC,2025-09-30 05:45:00+00:00,16.058,-0.01%,+0.44%,-0.45%,False,False,,,,,,,"$10,000.00"
2025-09-30 06:00:00 UTC,2025-09-30 06:00:00+00:00,15.956,-0.64%,-0.65%,-0.29%,False,False,,,,,,,"$10,000.00"
2025-09-30 06:15:00 UTC,2025-09-30 06:15:00+00:00,15.919,-0.23%,-0.87%,-0.43%,False,False,,,,,,,"$10,000.00"
2025-09-30 06:30:00 UTC,2025-09-30 06:30:00+00:00,15.86,-0.37%,-0.60%,-1.25%,False,False,,,,,,,"$10,000.00"
2025-09-30 06:45:00 UTC,2025-09-30 06:45:00+00:00,16.054,+1.22%,+0.85%,-0.02%,False,False,,,,,,,"$10,000.00"
2025-09-30 07:00:00 UTC,2025-09-30 07:00:00+00:00,15.82,-1.46%,-0.25%,-0.85%,False,False,,,,,,,"$10,000.00"
2025-09-30 07:15:00 UTC,2025-09-30 07:15:00+00:00,15.944,+0.78%,-0.69%,+0.16%,False,False,,,,,,,"$10,000.00"
2025-09-30 07:30:00 UTC,2025-09-30 07:30:00+00:00,15.966,+0.14%,+0.92%,+0.67%,False,False,,,,,,,"$10,000.00"
2025-09-30 07:45:00 UTC,2025-09-30 07:45:00+00:00,15.874,-0.58%,-0.44%,-1.12%,False,False,,,,,,,"$10,000.00"
2025-09-30 08:00:00 UTC,2025-09-30 08:00:00+00:00,15.65,-1.41%,-1.98%,-1.07%,False,False,,,,,,,"$10,000.00"
2025-09-30 08:15:00 UTC,2025-09-30 08:15:00+00:00,15.81,+1.02%,-0.40%,-0.84%,False,False,,,,,,,"$10,000.00"
2025-09-30 08:30:00 UTC,2025-09-30 08:30:00+00:00,15.942,+0.83%,+1.87%,-0.15%,False,False,,,,,,,"$10,000.00"
2025-09-30 08:45:00 UTC,2025-09-30 08:45:00+00:00,15.921,-0.13%,+0.70%,+0.30%,False,False,,,,,,,"$10,000.00"
2025-09-30 09:00:00 UTC,2025-09-30 09:00:00+00:00,16.102,+1.14%,+1.00%,+2.89%,False,False,,,,,,,"$10,000.00"
2025-09-30 09:15:00 UTC,2025-09-30 09:15:00+00:00,16.048,-0.34%,+0.80%,+1.51%,False,False,,,,,,,"$10,000.00"
2025-09-30 09:30:00 UTC,2025-09-30 09:30:00+00:00,15.942,-0.66%,-0.99%,+0.00%,False,False,,,,,,,"$10,000.00"
2025-09-30 09:45:00 UTC,2025-09-30 09:45:00+00:00,16.007,+0.41%,-0.26%,+0.54%,False,False,,,,,,,"$10,000.00"
2025-09-30 10:00:00 UTC,2025-09-30 10:00:00+00:00,15.944,-0.39%,+0.01%,-0.98%,False,False,,,,,,,"$10,000.00"
2025-09-30 10:15:00 UTC,2025-09-30 10:15:00+00:00,15.823,-0.76%,-1.15%,-1.40%,False,False,,,,,,,"$10,000.00"
2025-09-30 10:30:00 UTC,2025-09-30 10:30:00+00:00,15.844,+0.13%,-0.63%,-0.61%,False,False,,,,,,,"$10,000.00"
2025-09-30 10:45:00 UTC,2025-09-30 10:45:00+00:00,15.818,-0.16%,-0.03%,-1.18%,False,False,,,,,,,"$10,000.00"
2025-09-30 11:00:00 UTC,2025-09-30 11:00:00+00:00,15.703,-0.73%,-0.89%,-1.51%,False,False,,,,,,,"$10,000.00"
2025-09-30 11:15:00 UTC,2025-09-30 11:15:00+00:00,15.874,+1.09%,+0.35%,+0.32%,False,False,,,,,,,"$10,000.00"
2025-09-30 11:30:00 UTC,2025-09-30 11:30:00+00:00,15.944,+0.44%,+1.53%,+0.63%,False,False,,,,,,,"$10,000.00"
2025-09-30 11:45:00 UTC,2025-09-30 11:45:00+00:00,16.016,+0.45%,+0.89%,+1.25%,False,False,,,,,,,"$10,000.00"
2025-09-30 12:00:00 UTC,2025-09-30 12:00:00+00:00,15.898,-0.74%,-0.29%,+1.24%,False,False,,,,,,,"$10,000.00"
2025-09-30 12:15:00 UTC,2025-09-30 12:15:00+00:00,15.953,+0.35%,-0.39%,+0.50%,False,False,,,,,,,"$10,000.00"
2025-09-30 12:30:00 UTC,2025-09-30 12:30:00+00:00,15.752,-1.26%,-0.92%,-1.20%,False,False,,,,,,,"$10,000.00"
2025-09-30 12:45:00 UTC,2025-09-30 12:45:00+00:00,15.943,+1.21%,-0.06%,-0.46%,False,False,,,,,,,"$10,000.00"
2025-09-30 13:00:00 UTC,2025-09-30 13:00:00+00:00,15.9,-0.27%,+0.94%,+0.01%,False,False,,,,,,,"$10,000.00"
2025-09-30 13:15:00 UTC,2025-09-30 13:15:00+00:00,16.064,+1.03%,+0.76%,+0.70%,False,False,,,,,,,"$10,000.00"
2025-09-30 13:30:00 UTC,2025-09-30 13:30:00+00:00,15.997,-0.42%,+0.61%,+1.56%,False,False,,,,,,,"$10,000.00"
2025-09-30 13:45:00 UTC,2025-09-30 13:45:00+00:00,15.902,-0.59%,-1.01%,-0.26%,False,False,,,,,,,"$10,000.00"
2025-09-30 14:00:00 UTC,2025-09-30 14:00:00+00:00,15.803,-0.62%,-1.21%,-0.61%,False,False,,,,,,,"$10,000.00"
2025-09-30 14:15:00 UTC,2025-09-30 14:15:00+00:00,15.926,+0.78%,+0.15%,-0.86%,False,False,,,,,,,"$10,000.00"
2025-09-30 14:30:00 UTC,2025-09-30 14:30:00+00:00,15.921,-0.03%,+0.75%,-0.48%,False,False,,,,,,,"$10,000.00"
2025-09-30 14:45:00 UTC,2025-09-30 14:45:00+00:00,15.824,-0.61%,-0.64%,-0.49%,False,False,,,,,,,"$10,000.00"
2025-09-30 15:00:00 UTC,2025-09-30 15:00:00+00:00,15.544,-1.77%,-2.37%,-1.64%,False,False,,,,,,,"$10,000.00"
2025-09-30 15:15:00 UTC,2025-09-30 15:15:00+00:00,15.514,-0.19%,-1.96%,-2.59%,False,False,,,,,,,"$10,000.00"
2025-09-30 15:30:00 UTC,2025-09-30 15:30:00+00:00,15.296,-1.41%,-1.60%,-3.93%,False,False,,,,,,,"$10,000.00"
2025-09-30 15:45:00 UTC,2025-09-30 15:45:00+00:00,15.79,+3.23%,+1.78%,-0.21%,False,False,,,,,,,"$10,000.00"
2025-09-30 16:00:00 UTC,2025-09-30 16:00:00+00:00,15.606,-1.17%,+2.03%,+0.40%,False,False,,,,,,,"$10,000.00"
2025-09-30 16:15:00 UTC,2025-09-30 16:15:00+00:00,15.605,-0.01%,-1.17%,+0.59%,False,False,,,,,,,"$10,000.00"
2025-09-30 16:30:00 UTC,2025-09-30 16:30:00+00:00,15.728,+0.79%,+0.78%,+2.82%,False,False,,,,,,,"$10,000.00"
2025-09-30 16:45:00 UTC,2025-09-30 16:45:00+00:00,15.594,-0.85%,-0.07%,-1.24%,False,False,,,,,,,"$10,000.00"
2025-09-30 17:00:00 UTC,2025-09-30 17:00:00+00:00,15.601,+0.04%,-0.81%,-0.03%,False,False,,,,,,,"$10,000.00"
2025-09-30 17:15:00 UTC,2025-09-30 17:15:00+00:00,15.788,+1.20%,+1.24%,+1.17%,False,False,,,,,,,"$10,000.00"
2025-09-30 17:30:00 UTC,2025-09-30 17:30:00+00:00,15.755,-0.21%,+0.99%,+0.17%,False,False,,,,,,,"$10,000.00"
2025-09-30 17:45:00 UTC,2025-09-30 17:45:00+00:00,15.534,-1.40%,-1.61%,-0.38%,False,False,,,,,,,"$10,000.00"
2025-09-30 18:00:00 UTC,2025-09-30 18:00:00+00:00,15.468,-0.42%,-1.82%,-0.85%,False,False,,,,,,,"$10,000.00"
2025-09-30 18:15:00 UTC,2025-09-30 18:15:00+00:00,15.357,-0.72%,-1.14%,-2.73%,False,False,,,,,,,"$10,000.00"
2025-09-30 18:30:00 UTC,2025-09-30 18:30:00+00:00,15.29,-0.44%,-1.15%,-2.95%,False,False,,,,,,,"$10,000.00"
2025-09-30 18:45:00 UTC,2025-09-30 18:45:00+00:00,15.339,+0.32%,-0.12%,-1.26%,False,False,,,,,,,"$10,000.00"
2025-09-30 19:00:00 UTC,2025-09-30 19:00:00+00:00,15.538,+1.30%,+1.62%,+0.45%,False,False,,,,,,,"$10,000.00"
2025-09-30 19:15:00 UTC,2025-09-30 19:15:00+00:00,15.341,-1.27%,+0.01%,-0.10%,False,False,,,,,,,"$10,000.00"
2025-09-30 19:30:00 UTC,2025-09-30 19:30:00+00:00,15.216,-0.81%,-2.07%,-0.48%,False,False,,,,,,,"$10,000.00"
2025-09-30 19:45:00 UTC,2025-09-30 19:45:00+00:00,14.835,-2.50%,-3.30%,-3.29%,False,False,,,,,,,"$10,000.00"
2025-09-30 20:00:00 UTC,2025-09-30 20:00:00+00:00,14.774,-0.41%,-2.90%,-4.92%,False,False,,,,,,,"$10,000.00"
2025-09-30 20:15:00 UTC,2025-09-30 20:15:00+00:00,14.945,+1.16%,+0.74%,-2.58%,False,False,,,,,,,"$10,000.00"
2025-09-30 20:30:00 UTC,2025-09-30 20:30:00+00:00,15.348,+2.70%,+3.89%,+0.87%,False,False,,,,,,,"$10,000.00"
2025-09-30 20:45:00 UTC,2025-09-30 20:45:00+00:00,15.488,+0.91%,+3.63%,+4.40%,False,False,,,,,,,"$10,000.00"
2025-09-30 21:00:00 UTC,2025-09-30 21:00:00+00:00,15.59,+0.66%,+1.58%,+5.52%,False,False,,,,,,,"$10,000.00"
2025-09-30 21:15:00 UTC,2025-09-30 21:15:00+00:00,15.623,+0.21%,+0.87%,+4.54%,False,False,,,,,,,"$10,000.00"
2025-09-30 21:30:00 UTC,2025-09-30 21:30:00+00:00,15.645,+0.14%,+0.35%,+1.94%,False,False,,,,,,,"$10,000.00"
2025-09-30 21:45:00 UTC,2025-09-30 21:45:00+00:00,15.612,-0.21%,-0.07%,+0.80%,False,False,,,,,,,"$10,000.00"
2025-09-30 22:00:00 UTC,2025-09-30 22:00:00+00:00,15.508,-0.67%,-0.88%,-0.53%,False,False,,,,,,,"$10,000.00"
2025-09-30 22:15:00 UTC,2025-09-30 22:15:00+00:00,15.419,-0.57%,-1.24%,-1.31%,False,False,,,,,,,"$10,000.00"
2025-09-30 22:30:00 UTC,2025-09-30 22:30:00+00:00,15.278,-0.91%,-1.48%,-2.35%,False,False,,,,,,,"$10,000.00"
2025-09-30 22:45:00 UTC,2025-09-30 22:45:00+00:00,15.302,+0.16%,-0.76%,-1.99%,False,False,,,,,,,"$10,000.00"
2025-09-30 23:00:00 UTC,2025-09-30 23:00:00+00:00,15.344,+0.27%,+0.43%,-1.06%,False,False,,,,,,,"$10,000.00"
2025-09-30 23:15:00 UTC,2025-09-30 23:15:00+00:00,15.185,-1.04%,-0.76%,-1.52%,False,False,,,,,,,"$10,000.00"
2025-09-30 23:30:00 UTC,2025-09-30 23:30:00+00:00,15.384,+1.31%,+0.26%,+0.69%,False,False,,,,,,,"$10,000.00"
2025-09-30 23:45:00 UTC,2025-09-30 23:45:00+00:00,15.252,-0.86%,+0.44%,-0.33%,False,False,,,,,,,"$10,000.00"
2025-10-01 00:00:00 UTC,2025-10-01 00:00:00+00:00,15.025,-1.49%,-2.33%,-2.08%,False,False,,,,,,,"$10,000.00"
2025-10-01 00:15:00 UTC,2025-10-01 00:15:00+00:00,14.693,-2.21%,-3.67%,-3.24%,False,False,,,,,,,"$10,000.00"
2025-10-01 00:30:00 UTC,2025-10-01 00:30:00+00:00,14.483,-1.43%,-3.61%,-5.86%,False,False,,,,,,,"$10,000.00"
2025-10-01 00:45:00 UTC,2025-10-01 00:45:00+00:00,14.113,-2.55%,-3.95%,-7.47%,False,False,,,,,,,"$10,000.00"
2025-10-01 01:00:00 UTC,2025-10-01 01:00:00+00:00,14.329,+1.53%,-1.06%,-4.63%,False,False,,,,,,,"$10,000.00"
2025-10-01 01:15:00 UTC,2025-10-01 01:15:00+00:00,14.31,-0.13%,+1.40%,-2.61%,False,False,,,,,,,"$10,000.00"
2025-10-01 01:30:00 UTC,2025-10-01 01:30:00+00:00,13.883,-2.98%,-3.11%,-4.14%,False,False,,,,,,,"$10,000.00"
2025-10-01 01:45:00 UTC,2025-10-01 01:45:00+00:00,14.079,+1.41%,-1.61%,-0.24%,False,False,,,,,,,"$10,000.00"
2025-10-01 02:00:00 UTC,2025-10-01 02:00:00+00:00,13.987,-0.65%,+0.75%,-2.39%,False,False,,,,,,,"$10,000.00"
2025-10-01 02:15:00 UTC,2025-10-01 02:15:00+00:00,13.894,-0.66%,-1.31%,-2.91%,False,False,,,,,,,"$10,000.00"
2025-10-01 02:30:00 UTC,2025-10-01 02:30:00+00:00,14.123,+1.65%,+0.97%,+1.73%,False,False,,,,,,,"$10,000.00"
2025-10-01 02:45:00 UTC,2025-10-01 02:45:00+00:00,14.106,-0.12%,+1.53%,+0.19%,False,False,,,,,,,"$10,000.00"
2025-10-01 03:00:00 UTC,2025-10-01 03:00:00+00:00,14.244,+0.98%,+0.86%,+1.84%,False,False,,,,,,,"$10,000.00"
2025-10-01 03:15:00 UTC,2025-10-01 03:15:00+00:00,14.04,-1.43%,-0.47%,+1.05%,False,False,,,,,,,"$10,000.00"
2025-10-01 03:30:00 UTC,2025-10-01 03:30:00+00:00,13.914,-0.90%,-2.32%,-1.48%,False,False,,,,,,,"$10,000.00"
2025-10-01 03:45:00 UTC,2025-10-01 03:45:00+00:00,13.885,-0.21%,-1.10%,-1.57%,False,False,,,,,,,"$10,000.00"
2025-10-01 04:00:00 UTC,2025-10-01 04:00:00+00:00,13.738,-1.06%,-1.26%,-3.55%,False,False,,,,,,,"$10,000.00"
2025-10-01 04:15:00 UTC,2025-10-01 04:15:00+00:00,13.759,+0.15%,-0.91%,-2.00%,False,False,,,,,,,"$10,000.00"
2025-10-01 04:30:00 UTC,2025-10-01 04:30:00+00:00,13.685,-0.54%,-0.39%,-1.65%,False,False,,,,,,,"$10,000.00"
2025-10-01 04:45:00 UTC,2025-10-01 04:45:00+00:00,13.483,-1.48%,-2.01%,-2.90%,False,False,,,,,,,"$10,000.00"
2025-10-01 05:00:00 UTC,2025-10-01 05:00:00+00:00,13.494,+0.08%,-1.40%,-1.78%,False,False,,,,,,,"$10,000.00"
2025-10-01 05:15:00 UTC,2025-10-01 05:15:00+00:00,13.374,-0.89%,-0.81%,-2.80%,False,False,,,,,,,"$10,000.00"
2025-10-01 05:30:00 UTC,2025-10-01 05:30:00+00:00,13.406,+0.24%,-0.65%,-2.04%,False,False,,,,,,,"$10,000.00"
2025-10-01 05:45:00 UTC,2025-10-01 05:45:00+00:00,13.496,+0.67%,+0.91%,+0.10%,False,False,,,,,,,"$10,000.00"
2025-10-01 06:00:00 UTC,2025-10-01 06:00:00+00:00,13.724,+1.69%,+2.37%,+1.70%,False,False,,,,,,,"$10,000.00"
2025-10-01 06:15:00 UTC,2025-10-01 06:15:00+00:00,13.611,-0.82%,+0.85%,+1.77%,False,False,,,,,,,"$10,000.00"
2025-10-01 06:30:00 UTC,2025-10-01 06:30:00+00:00,13.611,+0.00%,-0.82%,+1.53%,False,False,,,,,,,"$10,000.00"
2025-10-01 06:45:00 UTC,2025-10-01 06:45:00+00:00,13.817,+1.51%,+1.51%,+2.38%,False,False,,,,,,,"$10,000.00"
2025-10-01 07:00:00 UTC,2025-10-01 07:00:00+00:00,14.546,+5.28%,+6.87%,+5.99%,False,True,open_short,Open SHORT (quick rise),short,14.538727,137.56362575623024,2000.0,"$9,998.60"
2025-10-01 07:15:00 UTC,2025-10-01 07:15:00+00:00,15.323,+5.34%,+10.90%,+12.58%,False,True,,,short,14.538727,137.56362575623024,2000.0,"$9,998.60"
2025-10-01 07:30:00 UTC,2025-10-01 07:30:00+00:00,15.477,+1.01%,+6.40%,+13.71%,False,False,,,short,14.538727,137.56362575623024,2000.0,"$9,998.60"
2025-10-01 07:45:00 UTC,2025-10-01 07:45:00+00:00,15.353,-0.80%,+0.20%,+11.12%,False,False,,,short,14.538727,137.56362575623024,2000.0,"$9,998.60"
2025-10-01 08:00:00 UTC,2025-10-01 08:00:00+00:00,15.4,+0.31%,-0.50%,+5.87%,False,False,,,short,14.538727,137.56362575623024,2000.0,"$9,998.60"
2025-10-01 08:15:00 UTC,2025-10-01 08:15:00+00:00,15.18,-1.43%,-1.13%,-0.93%,False,False,,,short,14.538727,137.56362575623024,2000.0,"$9,998.60"
2025-10-01 08:30:00 UTC,2025-10-01 08:30:00+00:00,15.285,+0.69%,-0.75%,-1.24%,False,False,,,short,14.538727,137.56362575623024,2000.0,"$9,998.60"
2025-10-01 08:45:00 UTC,2025-10-01 08:45:00+00:00,15.486,+1.32%,+2.02%,+0.87%,False,False,,,short,14.538727,137.56362575623024,2000.0,"$9,998.60"
2025-10-01 09:00:00 UTC,2025-10-01 09:00:00+00:00,15.485,-0.01%,+1.31%,+0.55%,False,False,,,short,14.538727,137.56362575623024,2000.0,"$9,998.60"
2025-10-01 09:15:00 UTC,2025-10-01 09:15:00+00:00,15.409,-0.49%,-0.50%,+1.51%,False,False,,,short,14.538727,137.56362575623024,2000.0,"$9,998.60"
2025-10-01 09:30:00 UTC,2025-10-01 09:30:00+00:00,15.318,-0.59%,-1.08%,+0.22%,False,False,,,short,14.538727,137.56362575623024,2000.0,"$9,998.60"
2025-10-01 09:45:00 UTC,2025-10-01 09:45:00+00:00,15.192,-0.82%,-1.41%,-1.90%,False,False,,,short,14.538727,137.56362575623024,2000.0,"$9,998.60"
2025-10-01 10:00:00 UTC,2025-10-01 10:00:00+00:00,15.096,-0.63%,-1.45%,-2.51%,False,False,,,short,14.538727,137.56362575623024,2000.0,"$9,998.60"
2025-10-01 10:15:00 UTC,2025-10-01 10:15:00+00:00,15.249,+1.01%,+0.38%,-1.04%,False,False,,,short,14.538727,137.56362575623024,2000.0,"$9,998.60"
2025-10-01 10:30:00 UTC,2025-10-01 10:30:00+00:00,15.061,-1.23%,-0.23%,-1.68%,False,False,,,short,14.538727,137.56362575623024,2000.0,"$9,998.60"
2025-10-01 10:45:00 UTC,2025-10-01 10:45:00+00:00,15.033,-0.19%,-1.42%,-1.05%,False,False,,,short,14.538727,137.56362575623024,2000.0,"$9,998.60"
2025-10-01 11:00:00 UTC,2025-10-01 11:00:00+00:00,15.191,+1.05%,+0.86%,+0.63%,False,False,,,short,14.538727,137.56362575623024,2000.0,"$9,998.60"
2025-10-01 11:15:00 UTC,2025-10-01 11:15:00+00:00,15.359,+1.11%,+2.17%,+0.72%,False,False,,,short,14.538727,137.56362575623024,2000.0,"$9,998.60"
2025-10-01 11:30:00 UTC,2025-10-01 11:30:00+00:00,15.567,+1.35%,+2.48%,+3.36%,False,False,,,short,14.538727,137.56362575623024,2000.0,"$9,998.60"
2025-10-01 11:45:00 UTC,2025-10-01 11:45:00+00:00,15.486,-0.52%,+0.83%,+3.01%,False,False,,,short,14.538727,137.56362575623024,2000.0,"$9,998.60"
2025-10-01 12:00:00 UTC,2025-10-01 12:00:00+00:00,15.221,-1.71%,-2.22%,+0.20%,False,False,,,short,14.538727,137.56362575623024,2000.0,"$9,998.60"
2025-10-01 12:15:00 UTC,2025-10-01 12:15:00+00:00,15.411,+1.25%,-0.48%,+0.34%,False,False,,,short,14.538727,137.56362575623024,2000.0,"$9,998.60"
2025-10-01 12:30:00 UTC,2025-10-01 12:30:00+00:00,15.405,-0.04%,+1.21%,-1.04%,False,False,,,short,14.538727,137.56362575623024,2000.0,"$9,998.60"
2025-10-01 12:45:00 UTC,2025-10-01 12:45:00+00:00,15.462,+0.37%,+0.33%,-0.15%,False,False,,,short,14.538727,137.56362575623024,2000.0,"$9,998.60"
2025-10-01 13:00:00 UTC,2025-10-01 13:00:00+00:00,15.319,-0.92%,-0.56%,+0.64%,False,False,,,short,14.538727,137.56362575623024,2000.0,"$9,998.60"
2025-10-01 13:15:00 UTC,2025-10-01 13:15:00+00:00,15.459,+0.91%,-0.02%,+0.31%,False,False,,,short,14.538727,137.56362575623024,2000.0,"$9,998.60"
2025-10-01 13:30:00 UTC,2025-10-01 13:30:00+00:00,15.397,-0.40%,+0.51%,-0.05%,False,False,,,short,14.538727,137.56362575623024,2000.0,"$9,998.60"
2025-10-01 13:45:00 UTC,2025-10-01 13:45:00+00:00,15.587,+1.23%,+0.83%,+0.81%,False,False,,,short,14.538727,137.56362575623024,2000.0,"$9,998.60"
2025-10-01 14:00:00 UTC,2025-10-01 14:00:00+00:00,15.541,-0.30%,+0.94%,+1.45%,False,False,,,short,14.538727,137.56362575623024,2000.0,"$9,998.60"
2025-10-01 14:15:00 UTC,2025-10-01 14:15:00+00:00,15.507,-0.22%,-0.51%,+0.31%,False,False,,,short,14.538727,137.56362575623024,2000.0,"$9,998.60"
2025-10-01 14:30:00 UTC,2025-10-01 14:30:00+00:00,15.636,+0.83%,+0.61%,+1.55%,False,False,,,short,14.538727,137.56362575623024,2000.0,"$9,998.60"
2025-10-01 14:45:00 UTC,2025-10-01 14:45:00+00:00,16.067,+2.76%,+3.61%,+3.08%,False,False,,,short,14.538727,137.56362575623024,2000.0,"$9,998.60"
2025-10-01 15:00:00 UTC,2025-10-01 15:00:00+00:00,15.884,-1.14%,+1.59%,+2.21%,False,False,,,short,14.538727,137.56362575623024,2000.0,"$9,998.60"
2025-10-01 15:15:00 UTC,2025-10-01 15:15:00+00:00,15.569,-1.98%,-3.10%,+0.40%,False,False,,,short,14.538727,137.56362575623024,2000.0,"$9,998.60"
2025-10-01 15:30:00 UTC,2025-10-01 15:30:00+00:00,15.623,+0.35%,-1.64%,-0.08%,False,False,,,short,14.538727,137.56362575623024,2000.0,"$9,998.60"
2025-10-01 15:45:00 UTC,2025-10-01 15:45:00+00:00,15.579,-0.28%,+0.06%,-3.04%,False,False,,,short,14.538727,137.56362575623024,2000.0,"$9,998.60"
2025-10-01 16:00:00 UTC,2025-10-01 16:00:00+00:00,15.13,-2.88%,-3.16%,-4.75%,False,False,,,short,14.538727,137.56362575623024,2000.0,"$9,998.60"
2025-10-01 16:15:00 UTC,2025-10-01 16:15:00+00:00,14.895,-1.55%,-4.39%,-4.33%,False,False,,,short,14.538727,137.56362575623024,2000.0,"$9,998.60"
2025-10-01 16:30:00 UTC,2025-10-01 16:30:00+00:00,14.689,-1.38%,-2.91%,-5.98%,False,False,,,short,14.538727,137.56362575623024,2000.0,"$9,998.60"
2025-10-01 16:45:00 UTC,2025-10-01 16:45:00+00:00,14.532,-1.07%,-2.44%,-6.72%,False,False,,,short,14.538727,137.56362575623024,2000.0,"$9,998.60"
2025-10-01 17:00:00 UTC,2025-10-01 17:00:00+00:00,14.847,+2.17%,+1.08%,-1.87%,False,False,,,short,14.538727,137.56362575623024,2000.0,"$9,998.60"
2025-10-01 17:15:00 UTC,2025-10-01 17:15:00+00:00,15.265,+2.82%,+5.04%,+2.48%,False,False,,,short,14.538727,137.56362575623024,2000.0,"$9,998.60"
2025-10-01 17:30:00 UTC,2025-10-01 17:30:00+00:00,15.406,+0.92%,+3.77%,+4.88%,False,False,,,short,14.538727,137.56362575623024,2000.0,"$9,998.60"
2025-10-01 17:45:00 UTC,2025-10-01 17:45:00+00:00,15.592,+1.21%,+2.14%,+7.29%,False,False,,,short,14.538727,137.56362575623024,2000.0,"$9,998.60"
2025-10-01 18:00:00 UTC,2025-10-01 18:00:00+00:00,15.602,+0.06%,+1.27%,+5.09%,False,False,,,short,14.538727,137.56362575623024,2000.0,"$9,998.60"
2025-10-01 18:15:00 UTC,2025-10-01 18:15:00+00:00,15.761,+1.02%,+1.08%,+3.25%,False,False,,,short,14.538727,137.56362575623024,2000.0,"$9,998.60"
2025-10-01 18:30:00 UTC,2025-10-01 18:30:00+00:00,15.629,-0.84%,+0.17%,+1.45%,False,False,,,short,14.538727,137.56362575623024,2000.0,"$9,998.60"
2025-10-01 18:45:00 UTC,2025-10-01 18:45:00+00:00,15.606,-0.15%,-0.98%,+0.09%,False,False,,,short,14.538727,137.56362575623024,2000.0,"$9,998.60"
2025-10-01 19:00:00 UTC,2025-10-01 19:00:00+00:00,15.595,-0.07%,-0.22%,-0.04%,False,False,,,short,14.538727,137.56362575623024,2000.0,"$9,998.60"
2025-10-01 19:15:00 UTC,2025-10-01 19:15:00+00:00,15.712,+0.75%,+0.68%,-0.31%,False,False,,,short,14.538727,137.56362575623024,2000.0,"$9,998.60"
2025-10-01 19:30:00 UTC,2025-10-01 19:30:00+00:00,15.591,-0.77%,-0.03%,-0.24%,False,False,,,short,14.538727,137.56362575623024,2000.0,"$9,998.60"
2025-10-01 19:45:00 UTC,2025-10-01 19:45:00+00:00,15.636,+0.29%,-0.48%,+0.19%,False,False,,,short,14.538727,137.56362575623024,2000.0,"$9,998.60"
2025-10-01 20:00:00 UTC,2025-10-01 20:00:00+00:00,15.028,-3.89%,-3.61%,-3.64%,False,False,,,short,14.538727,137.56362575623024,2000.0,"$9,998.60"
2025-10-01 20:15:00 UTC,2025-10-01 20:15:00+00:00,14.992,-0.24%,-4.12%,-4.58%,False,False,,,short,14.538727,137.56362575623024,2000.0,"$9,998.60"
2025-10-01 20:30:00 UTC,2025-10-01 20:30:00+00:00,14.712,-1.87%,-2.10%,-5.64%,False,False,,,short,14.538727,137.56362575623024,2000.0,"$9,998.60"
2025-10-01 20:45:00 UTC,2025-10-01 20:45:00+00:00,14.884,+1.17%,-0.72%,-4.81%,False,False,,,short,14.538727,137.56362575623024,2000.0,"$9,998.60"
2025-10-01 21:00:00 UTC,2025-10-01 21:00:00+00:00,15.239,+2.39%,+3.58%,+1.40%,False,False,,,short,14.538727,137.56362575623024,2000.0,"$9,998.60"
2025-10-01 21:15:00 UTC,2025-10-01 21:15:00+00:00,15.167,-0.47%,+1.90%,+1.17%,False,False,,,short,14.538727,137.56362575623024,2000.0,"$9,998.60"
2025-10-01 21:30:00 UTC,2025-10-01 21:30:00+00:00,15.0,-1.10%,-1.57%,+1.96%,False,False,,,short,14.538727,137.56362575623024,2000.0,"$9,998.60"
2025-10-01 21:45:00 UTC,2025-10-01 21:45:00+00:00,15.076,+0.51%,-0.60%,+1.29%,False,False,,,short,14.538727,137.56362575623024,2000.0,"$9,998.60"
2025-10-01 22:00:00 UTC,2025-10-01 22:00:00+00:00,15.068,-0.05%,+0.45%,-1.12%,False,False,,,short,14.538727,137.56362575623024,2000.0,"$9,998.60"
2025-10-01 22:15:00 UTC,2025-10-01 22:15:00+00:00,15.11,+0.28%,+0.23%,-0.38%,False,False,,,short,14.538727,137.56362575623024,2000.0,"$9,998.60"
2025-10-01 22:30:00 UTC,2025-10-01 22:30:00+00:00,15.032,-0.52%,-0.24%,+0.21%,False,False,,,short,14.538727,137.56362575623024,2000.0,"$9,998.60"
2025-10-01 22:45:00 UTC,2025-10-01 22:45:00+00:00,15.164,+0.88%,+0.36%,+0.58%,False,False,,,short,14.538727,137.56362575623024,2000.0,"$9,998.60"
2025-10-01 23:00:00 UTC,2025-10-01 23:00:00+00:00,14.893,-1.79%,-0.92%,-1.16%,False,False,,,short,14.538727,137.56362575623024,2000.0,"$9,998.60"
2025-10-01 23:15:00 UTC,2025-10-01 23:15:00+00:00,15.013,+0.81%,-1.00%,-0.64%,False,False,,,short,14.538727,137.56362575623024,2000.0,"$9,998.60"
2025-10-01 23:30:00 UTC,2025-10-01 23:30:00+00:00,14.96,-0.35%,+0.45%,-0.48%,False,False,,,short,14.538727,137.56362575623024,2000.0,"$9,998.60"
2025-10-01 23:45:00 UTC,2025-10-01 23:45:00+00:00,15.48,+3.48%,+3.11%,+2.08%,False,False,,,short,14.538727,137.56362575623024,2000.0,"$9,998.60"
2025-10-02 00:00:00 UTC,2025-10-02 00:00:00+00:00,15.59,+0.71%,+4.21%,+4.68%,False,False,,,short,14.538727,137.56362575623024,2000.0,"$9,998.60"
2025-10-02 00:15:00 UTC,2025-10-02 00:15:00+00:00,15.761,+1.10%,+1.82%,+4.98%,False,False,,,short,14.538727,137.56362575623024,2000.0,"$9,998.60"
2025-10-02 00:30:00 UTC,2025-10-02 00:30:00+00:00,15.7,-0.39%,+0.71%,+4.95%,False,False,,,short,14.538727,137.56362575623024,2000.0,"$9,998.60"
2025-10-02 00:45:00 UTC,2025-10-02 00:45:00+00:00,15.428,-1.73%,-2.11%,-0.34%,False,False,,,short,14.538727,137.56362575623024,2000.0,"$9,998.60"
2025-10-02 01:00:00 UTC,2025-10-02 01:00:00+00:00,15.701,+1.77%,+0.01%,+0.71%,False,False,,,short,14.538727,137.56362575623024,2000.0,"$9,998.60"
2025-10-02 01:15:00 UTC,2025-10-02 01:15:00+00:00,15.824,+0.78%,+2.57%,+0.40%,False,False,,,short,14.538727,137.56362575623024,2000.0,"$9,998.60"
2025-10-02 01:30:00 UTC,2025-10-02 01:30:00+00:00,16.22,+2.50%,+3.31%,+3.31%,False,False,,,short,14.538727,137.56362575623024,2000.0,"$9,998.60"
2025-10-02 01:45:00 UTC,2025-10-02 01:45:00+00:00,16.559,+2.09%,+4.64%,+7.33%,False,False,,,short,14.538727,137.56362575623024,2000.0,"$9,998.60"
2025-10-02 02:00:00 UTC,2025-10-02 02:00:00+00:00,16.283,-1.67%,+0.39%,+3.71%,False,False,,,short,14.538727,137.56362575623024,2000.0,"$9,998.60"
2025-10-02 02:15:00 UTC,2025-10-02 02:15:00+00:00,16.03,-1.55%,-3.19%,+1.30%,False,False,,,short,14.538727,137.56362575623024,2000.0,"$9,998.60"
2025-10-02 02:30:00 UTC,2025-10-02 02:30:00+00:00,15.962,-0.42%,-1.97%,-1.59%,False,False,,,short,14.538727,137.56362575623024,2000.0,"$9,998.60"
2025-10-02 02:45:00 UTC,2025-10-02 02:45:00+00:00,15.985,+0.14%,-0.28%,-3.47%,False,False,,,short,14.538727,137.56362575623024,2000.0,"$9,998.60"
2025-10-02 03:00:00 UTC,2025-10-02 03:00:00+00:00,15.814,-1.07%,-0.93%,-2.88%,False,False,,,short,14.538727,137.56362575623024,2000.0,"$9,998.60"
2025-10-02 03:15:00 UTC,2025-10-02 03:15:00+00:00,15.958,+0.91%,-0.17%,-0.45%,False,False,,,short,14.538727,137.56362575623024,2000.0,"$9,998.60"
2025-10-02 03:30:00 UTC,2025-10-02 03:30:00+00:00,15.9,-0.36%,+0.54%,-0.39%,False,False,,,short,14.538727,137.56362575623024,2000.0,"$9,998.60"
2025-10-02 03:45:00 UTC,2025-10-02 03:45:00+00:00,15.743,-0.99%,-1.35%,-1.51%,False,False,,,short,14.538727,137.56362575623024,2000.0,"$9,998.60"
2025-10-02 04:00:00 UTC,2025-10-02 04:00:00+00:00,15.101,-4.08%,-5.03%,-4.51%,False,False,,,short,14.538727,137.56362575623024,2000.0,"$9,998.60"
2025-10-02 04:15:00 UTC,2025-10-02 04:15:00+00:00,14.801,-1.99%,-5.98%,-7.25%,False,False,,,short,14.538727,137.56362575623024,2000.0,"$9,998.60"
2025-10-02 04:30:00 UTC,2025-10-02 04:30:00+00:00,15.333,+3.59%,+1.54%,-3.57%,False,False,,,short,14.538727,137.56362575623024,2000.0,"$9,998.60"
2025-10-02 04:45:00 UTC,2025-10-02 04:45:00+00:00,15.181,-0.99%,+2.57%,-3.57%,False,False,,,short,14.538727,137.56362575623024,2000.0,"$9,998.60"
2025-10-02 05:00:00 UTC,2025-10-02 05:00:00+00:00,15.411,+1.52%,+0.51%,+2.05%,False,False,,,short,14.538727,137.56362575623024,2000.0,"$9,998.60"
2025-10-02 05:15:00 UTC,2025-10-02 05:15:00+00:00,15.421,+0.06%,+1.58%,+4.19%,False,False,,,short,14.538727,137.56362575623024,2000.0,"$9,998.60"
2025-10-02 05:30:00 UTC,2025-10-02 05:30:00+00:00,15.123,-1.93%,-1.87%,-1.37%,False,False,,,short,14.538727,137.56362575623024,2000.0,"$9,998.60"
2025-10-02 05:45:00 UTC,2025-10-02 05:45:00+00:00,15.152,+0.19%,-1.74%,-0.19%,False,False,,,short,14.538727,137.56362575623024,2000.0,"$9,998.60"
2025-10-02 06:00:00 UTC,2025-10-02 06:00:00+00:00,14.988,-1.08%,-0.89%,-2.74%,False,False,,,short,14.538727,137.56362575623024,2000.0,"$9,998.60"
2025-10-02 06:15:00 UTC,2025-10-02 06:15:00+00:00,15.077,+0.59%,-0.49%,-2.23%,False,False,,,short,14.538727,137.56362575623024,2000.0,"$9,998.60"
2025-10-02 06:30:00 UTC,2025-10-02 06:30:00+00:00,15.03,-0.31%,+0.28%,-0.61%,False,False,,,short,14.538727,137.56362575623024,2000.0,"$9,998.60"
2025-10-02 06:45:00 UTC,2025-10-02 06:45:00+00:00,15.07,+0.27%,-0.05%,-0.54%,False,False,,,short,14.538727,137.56362575623024,2000.0,"$9,998.60"
2025-10-02 07:00:00 UTC,2025-10-02 07:00:00+00:00,14.928,-0.94%,-0.68%,-0.40%,False,False,,,short,14.538727,137.56362575623024,2000.0,"$9,998.60"
2025-10-02 07:15:00 UTC,2025-10-02 07:15:00+00:00,15.049,+0.81%,-0.14%,-0.19%,False,False,,,short,14.538727,137.56362575623024,2000.0,"$9,998.60"
2025-10-02 07:30:00 UTC,2025-10-02 07:30:00+00:00,15.08,+0.21%,+1.02%,+0.33%,False,False,,,short,14.538727,137.56362575623024,2000.0,"$9,998.60"
2025-10-02 07:45:00 UTC,2025-10-02 07:45:00+00:00,15.214,+0.89%,+1.10%,+0.96%,False,False,,,short,14.538727,137.56362575623024,2000.0,"$9,998.60"
2025-10-02 08:00:00 UTC,2025-10-02 08:00:00+00:00,14.861,-2.32%,-1.45%,-0.45%,False,False,,,short,14.538727,137.56362575623024,2000.0,"$9,998.60"
2025-10-02 08:15:00 UTC,2025-10-02 08:15:00+00:00,14.917,+0.38%,-1.95%,-0.88%,False,False,,,short,14.538727,137.56362575623024,2000.0,"$9,998.60"
2025-10-02 08:30:00 UTC,2025-10-02 08:30:00+00:00,14.901,-0.11%,+0.27%,-1.19%,False,False,,,short,14.538727,137.56362575623024,2000.0,"$9,998.60"
2025-10-02 08:45:00 UTC,2025-10-02 08:45:00+00:00,14.964,+0.42%,+0.32%,-1.64%,False,False,,,short,14.538727,137.56362575623024,2000.0,"$9,998.60"
2025-10-02 09:00:00 UTC,2025-10-02 09:00:00+00:00,14.779,-1.24%,-0.82%,-0.55%,False,False,,,short,14.538727,137.56362575623024,2000.0,"$9,998.60"
2025-10-02 09:15:00 UTC,2025-10-02 09:15:00+00:00,14.859,+0.54%,-0.70%,-0.39%,False,False,,,short,14.538727,137.56362575623024,2000.0,"$9,998.60"
2025-10-02 09:30:00 UTC,2025-10-02 09:30:00+00:00,14.997,+0.93%,+1.48%,+0.64%,False,False,,,short,14.538727,137.56362575623024,2000.0,"$9,998.60"
2025-10-02 09:45:00 UTC,2025-10-02 09:45:00+00:00,14.972,-0.17%,+0.76%,+0.05%,False,False,,,short,14.538727,137.56362575623024,2000.0,"$9,998.60"
2025-10-02 10:00:00 UTC,2025-10-02 10:00:00+00:00,14.873,-0.66%,-0.83%,+0.64%,False,False,,,short,14.538727,137.56362575623024,2000.0,"$9,998.60"
2025-10-02 10:15:00 UTC,2025-10-02 10:15:00+00:00,14.755,-0.79%,-1.45%,-0.70%,False,False,,,short,14.538727,137.56362575623024,2000.0,"$9,998.60"
2025-10-02 10:30:00 UTC,2025-10-02 10:30:00+00:00,14.315,-2.98%,-3.75%,-4.55%,False,False,,,short,14.538727,137.56362575623024,2000.0,"$9,998.60"
2025-10-02 10:45:00 UTC,2025-10-02 10:45:00+00:00,14.26,-0.38%,-3.35%,-4.76%,False,False,,,short,14.538727,137.56362575623024,2000.0,"$9,998.60"
2025-10-02 11:00:00 UTC,2025-10-02 11:00:00+00:00,14.003,-1.80%,-2.18%,-5.85%,False,False,,,short,14.538727,137.56362575623024,2000.0,"$9,998.60"
2025-10-02 11:15:00 UTC,2025-10-02 11:15:00+00:00,13.973,-0.21%,-2.01%,-5.30%,False,False,,,short,14.538727,137.56362575623024,2000.0,"$9,998.60"
2025-10-02 11:30:00 UTC,2025-10-02 11:30:00+00:00,13.746,-1.62%,-1.84%,-3.97%,False,False,,,short,14.538727,137.56362575623024,2000.0,"$9,998.60"
2025-10-02 11:45:00 UTC,2025-10-02 11:45:00+00:00,13.507,-1.74%,-3.34%,-5.28%,False,False,,,short,14.538727,137.56362575623024,2000.0,"$9,998.60"
2025-10-02 12:00:00 UTC,2025-10-02 12:00:00+00:00,14.151,+4.77%,+2.95%,+1.06%,False,False,,,short,14.538727,137.56362575623024,2000.0,"$9,998.60"
2025-10-02 12:15:00 UTC,2025-10-02 12:15:00+00:00,13.669,-3.41%,+1.20%,-2.18%,False,False,,,short,14.538727,137.56362575623024,2000.0,"$9,998.60"
2025-10-02 12:30:00 UTC,2025-10-02 12:30:00+00:00,13.693,+0.18%,-3.24%,-0.39%,False,False,,,short,14.538727,137.56362575623024,2000.0,"$9,998.60"
2025-10-02 12:45:00 UTC,2025-10-02 12:45:00+00:00,13.513,-1.31%,-1.14%,+0.04%,False,False,,,short,14.538727,137.56362575623024,2000.0,"$9,998.60"
2025-10-02 13:00:00 UTC,2025-10-02 13:00:00+00:00,13.408,-0.78%,-2.08%,-5.25%,False,False,,,short,14.538727,137.56362575623024,2000.0,"$9,998.60"
2025-10-02 13:15:00 UTC,2025-10-02 13:15:00+00:00,12.809,-4.47%,-5.21%,-6.29%,False,False,,,short,14.538727,137.56362575623024,2000.0,"$9,998.60"
2025-10-02 13:30:00 UTC,2025-10-02 13:30:00+00:00,12.849,+0.31%,-4.17%,-6.16%,False,False,,,short,14.538727,137.56362575623024,2000.0,"$9,998.60"
2025-10-02 13:45:00 UTC,2025-10-02 13:45:00+00:00,12.88,+0.24%,+0.55%,-4.68%,False,False,,,short,14.538727,137.56362575623024,2000.0,"$9,998.60"
2025-10-02 14:00:00 UTC,2025-10-02 14:00:00+00:00,12.981,+0.78%,+1.03%,-3.18%,False,False,,,short,14.538727,137.56362575623024,2000.0,"$9,998.60"
2025-10-02 14:15:00 UTC,2025-10-02 14:15:00+00:00,12.983,+0.02%,+0.80%,+1.36%,False,False,,,short,14.538727,137.56362575623024,2000.0,"$9,998.60"
2025-10-02 14:30:00 UTC,2025-10-02 14:30:00+00:00,12.9,-0.64%,-0.62%,+0.40%,False,False,,,short,14.538727,137.56362575623024,2000.0,"$9,998.60"
2025-10-02 14:45:00 UTC,2025-10-02 14:45:00+00:00,12.892,-0.06%,-0.70%,+0.09%,False,False,,,short,14.538727,137.56362575623024,2000.0,"$9,998.60"
2025-10-02 15:00:00 UTC,2025-10-02 15:00:00+00:00,12.533,-2.78%,-2.84%,-3.45%,False,False,,,short,14.538727,137.56362575623024,2000.0,"$9,998.60"
2025-10-02 15:15:00 UTC,2025-10-02 15:15:00+00:00,12.746,+1.70%,-1.13%,-1.83%,False,False,,,short,14.538727,137.56362575623024,2000.0,"$9,998.60"
2025-10-02 15:30:00 UTC,2025-10-02 15:30:00+00:00,12.256,-3.84%,-2.21%,-4.99%,False,False,,,short,14.538727,137.56362575623024,2000.0,"$9,998.60"
2025-10-02 15:45:00 UTC,2025-10-02 15:45:00+00:00,12.308,+0.42%,-3.44%,-4.53%,False,False,,,short,14.538727,137.56362575623024,2000.0,"$9,998.60"
2025-10-02 16:00:00 UTC,2025-10-02 16:00:00+00:00,12.077,-1.88%,-1.46%,-3.64%,False,False,,,short,14.538727,137.56362575623024,2000.0,"$9,998.60"
2025-10-02 16:15:00 UTC,2025-10-02 16:15:00+00:00,11.013,-8.81%,-10.52%,-13.60%,True,False,open_long,Open LONG (signal: deep drop),long,11.0185065,181.4873912358268,1999.720000000001,"$10,478.99"
2025-10-02 16:30:00 UTC,2025-10-02 16:30:00+00:00,10.828,-1.68%,-10.34%,-11.65%,False,False,close_long_sl,Close LONG (SL hit),,,,,"$10,440.66"
2025-10-02 16:45:00 UTC,2025-10-02 16:45:00+00:00,10.387,-4.07%,-5.68%,-15.61%,False,False,,,,,,,"$10,440.66"
2025-10-02 17:00:00 UTC,2025-10-02 17:00:00+00:00,9.764,-6.00%,-9.83%,-19.15%,False,False,,,,,,,"$10,440.66"
2025-10-02 17:15:00 UTC,2025-10-02 17:15:00+00:00,10.55,+8.05%,+1.57%,-4.20%,False,True,open_short,Open SHORT (quick rise),short,10.544725,198.0262482138492,2088.132330196781,"$10,439.20"
2025-10-02 17:30:00 UTC,2025-10-02 17:30:00+00:00,10.584,+0.32%,+8.40%,-2.25%,False,False,,,short,10.544725,198.0262482138492,2088.132330196781,"$10,439.20"
2025-10-02 17:45:00 UTC,2025-10-02 17:45:00+00:00,10.026,-5.27%,-4.97%,-3.48%,False,False,,,short,10.544725,198.0262482138492,2088.132330196781,"$10,439.20"
2025-10-02 18:00:00 UTC,2025-10-02 18:00:00+00:00,9.568,-4.57%,-9.60%,-2.01%,False,False,,,short,10.544725,198.0262482138492,2088.132330196781,"$10,439.20"
2025-10-02 18:15:00 UTC,2025-10-02 18:15:00+00:00,9.792,+2.34%,-2.33%,-7.18%,False,False,,,short,10.544725,198.0262482138492,2088.132330196781,"$10,439.20"
2025-10-02 18:30:00 UTC,2025-10-02 18:30:00+00:00,9.864,+0.74%,+3.09%,-6.80%,False,False,,,short,10.544725,198.0262482138492,2088.132330196781,"$10,439.20"
2025-10-02 18:45:00 UTC,2025-10-02 18:45:00+00:00,9.884,+0.20%,+0.94%,-1.42%,False,False,,,short,10.544725,198.0262482138492,2088.132330196781,"$10,439.20"
2025-10-02 19:00:00 UTC,2025-10-02 19:00:00+00:00,9.795,-0.90%,-0.70%,+2.37%,False,False,,,short,10.544725,198.0262482138492,2088.132330196781,"$10,439.20"
2025-10-02 19:15:00 UTC,2025-10-02 19:15:00+00:00,9.635,-1.63%,-2.52%,-1.60%,False,False,,,short,10.544725,198.0262482138492,2088.132330196781,"$10,439.20"
2025-10-02 19:30:00 UTC,2025-10-02 19:30:00+00:00,9.668,+0.34%,-1.30%,-1.99%,False,False,,,short,10.544725,198.0262482138492,2088.132330196781,"$10,439.20"
2025-10-02 19:45:00 UTC,2025-10-02 19:45:00+00:00,9.615,-0.55%,-0.21%,-2.72%,False,False,,,short,10.544725,198.0262482138492,2088.132330196781,"$10,439.20"
2025-10-02 20:00:00 UTC,2025-10-02 20:00:00+00:00,9.609,-0.06%,-0.61%,-1.90%,False,False,,,short,10.544725,198.0262482138492,2088.132330196781,"$10,439.20"
2025-10-02 20:15:00 UTC,2025-10-02 20:15:00+00:00,9.627,+0.19%,+0.12%,-0.08%,False,False,,,short,10.544725,198.0262482138492,2088.132330196781,"$10,439.20"
2025-10-02 20:30:00 UTC,2025-10-02 20:30:00+00:00,9.478,-1.55%,-1.36%,-1.97%,False,False,,,short,10.544725,198.0262482138492,2088.132330196781,"$10,439.20"
2025-10-02 20:45:00 UTC,2025-10-02 20:45:00+00:00,9.535,+0.60%,-0.96%,-0.83%,False,False,,,short,10.544725,198.0262482138492,2088.132330196781,"$10,439.20"
2025-10-02 21:00:00 UTC,2025-10-02 21:00:00+00:00,9.539,+0.04%,+0.64%,-0.73%,False,False,,,short,10.544725,198.0262482138492,2088.132330196781,"$10,439.20"
2025-10-02 21:15:00 UTC,2025-10-02 21:15:00+00:00,9.401,-1.45%,-1.41%,-2.35%,False,False,,,short,10.544725,198.0262482138492,2088.132330196781,"$10,439.20"
2025-10-02 21:30:00 UTC,2025-10-02 21:30:00+00:00,9.867,+4.96%,+3.44%,+4.10%,False,False,,,short,10.544725,198.0262482138492,2088.132330196781,"$10,439.20"
2025-10-02 21:45:00 UTC,2025-10-02 21:45:00+00:00,9.555,-3.16%,+1.64%,+0.21%,False,False,,,short,10.544725,198.0262482138492,2088.132330196781,"$10,439.20"
2025-10-02 22:00:00 UTC,2025-10-02 22:00:00+00:00,9.971,+4.35%,+1.05%,+4.53%,False,False,,,short,10.544725,198.0262482138492,2088.132330196781,"$10,439.20"
2025-10-02 22:15:00 UTC,2025-10-02 22:15:00+00:00,9.748,-2.24%,+2.02%,+3.69%,False,False,,,short,10.544725,198.0262482138492,2088.132330196781,"$10,439.20"
2025-10-02 22:30:00 UTC,2025-10-02 22:30:00+00:00,9.372,-3.86%,-6.01%,-5.02%,False,False,,,short,10.544725,198.0262482138492,2088.132330196781,"$10,439.20"
2025-10-02 22:45:00 UTC,2025-10-02 22:45:00+00:00,9.623,+2.68%,-1.28%,+0.71%,False,False,,,short,10.544725,198.0262482138492,2088.132330196781,"$10,439.20"
2025-10-02 23:00:00 UTC,2025-10-02 23:00:00+00:00,9.386,-2.46%,+0.15%,-5.87%,False,False,,,short,10.544725,198.0262482138492,2088.132330196781,"$10,439.20"
2025-10-02 23:15:00 UTC,2025-10-02 23:15:00+00:00,9.282,-1.11%,-3.54%,-4.78%,False,False,,,short,10.544725,198.0262482138492,2088.132330196781,"$10,439.20"
2025-10-02 23:30:00 UTC,2025-10-02 23:30:00+00:00,9.575,+3.16%,+2.01%,+2.17%,False,False,,,short,10.544725,198.0262482138492,2088.132330196781,"$10,439.20"
2025-10-02 23:45:00 UTC,2025-10-02 23:45:00+00:00,9.647,+0.75%,+3.93%,+0.25%,False,False,,,short,10.544725,198.0262482138492,2088.132330196781,"$10,439.20"
2025-10-03 00:00:00 UTC,2025-10-03 00:00:00+00:00,10.311,+6.88%,+7.69%,+9.86%,False,True,,,short,10.544725,198.0262482138492,2088.132330196781,"$10,439.20"
2025-10-03 00:15:00 UTC,2025-10-03 00:15:00+00:00,10.654,+3.33%,+10.44%,+14.78%,False,False,,,short,10.544725,198.0262482138492,2088.132330196781,"$10,439.20"
2025-10-03 00:30:00 UTC,2025-10-03 00:30:00+00:00,10.774,+1.13%,+4.49%,+12.52%,False,False,,,short,10.544725,198.0262482138492,2088.132330196781,"$10,439.20"
2025-10-03 00:45:00 UTC,2025-10-03 00:45:00+00:00,11.296,+4.84%,+6.03%,+17.09%,False,False,,,short,10.544725,198.0262482138492,2088.132330196781,"$10,439.20"
2025-10-03 01:00:00 UTC,2025-10-03 01:00:00+00:00,11.098,-1.75%,+3.01%,+7.63%,False,False,,,short,10.544725,198.0262482138492,2088.132330196781,"$10,439.20"
2025-10-03 01:15:00 UTC,2025-10-03 01:15:00+00:00,11.234,+1.23%,-0.55%,+5.44%,False,False,,,short,10.544725,198.0262482138492,2088.132330196781,"$10,439.20"
2025-10-03 01:30:00 UTC,2025-10-03 01:30:00+00:00,10.999,-2.09%,-0.89%,+2.09%,False,False,,,short,10.544725,198.0262482138492,2088.132330196781,"$10,439.20"
2025-10-03 01:45:00 UTC,2025-10-03 01:45:00+00:00,10.527,-4.29%,-6.29%,-6.81%,False,False,,,short,10.544725,198.0262482138492,2088.132330196781,"$10,439.20"
2025-10-03 02:00:00 UTC,2025-10-03 02:00:00+00:00,11.006,+4.55%,+0.06%,-0.83%,False,False,,,short,10.544725,198.0262482138492,2088.132330196781,"$10,439.20"
2025-10-03 02:15:00 UTC,2025-10-03 02:15:00+00:00,10.782,-2.04%,+2.42%,-4.02%,False,False,,,short,10.544725,198.0262482138492,2088.132330196781,"$10,439.20"
2025-10-03 02:30:00 UTC,2025-10-03 02:30:00+00:00,10.563,-2.03%,-4.03%,-3.96%,False,False,,,short,10.544725,198.0262482138492,2088.132330196781,"$10,439.20"
2025-10-03 02:45:00 UTC,2025-10-03 02:45:00+00:00,9.968,-5.63%,-7.55%,-5.31%,False,False,,,short,10.544725,198.0262482138492,2088.132330196781,"$10,439.20"
2025-10-03 03:00:00 UTC,2025-10-03 03:00:00+00:00,9.331,-6.39%,-11.66%,-15.22%,True,False,open_long,Open LONG (signal: deep drop),long,9.3356655,223.6412596049584,2087.8399916705534,"$10,674.41"
2025-10-03 03:15:00 UTC,2025-10-03 03:15:00+00:00,9.319,-0.13%,-6.51%,-13.57%,False,False,,,long,9.3356655,223.6412596049584,2087.8399916705534,"$10,674.41"
2025-10-03 03:30:00 UTC,2025-10-03 03:30:00+00:00,9.403,+0.90%,+0.77%,-10.98%,False,False,,,long,9.3356655,223.6412596049584,2087.8399916705534,"$10,674.41"
2025-10-03 03:45:00 UTC,2025-10-03 03:45:00+00:00,9.278,-1.33%,-0.44%,-6.92%,False,False,,,long,9.3356655,223.6412596049584,2087.8399916705534,"$10,674.41"
2025-10-03 04:00:00 UTC,2025-10-03 04:00:00+00:00,9.211,-0.72%,-2.04%,-1.29%,False,False,close_long_sl,Close LONG (SL hit),,,,,"$10,642.60"
2025-10-03 04:15:00 UTC,2025-10-03 04:15:00+00:00,8.955,-2.78%,-3.48%,-3.91%,False,False,,,,,,,"$10,642.60"
2025-10-03 04:30:00 UTC,2025-10-03 04:30:00+00:00,9.054,+1.11%,-1.70%,-3.71%,False,False,,,,,,,"$10,642.60"
2025-10-03 04:45:00 UTC,2025-10-03 04:45:00+00:00,8.984,-0.77%,+0.32%,-3.17%,False,False,,,,,,,"$10,642.60"
2025-10-03 05:00:00 UTC,2025-10-03 05:00:00+00:00,8.991,+0.08%,-0.70%,-2.39%,False,False,,,,,,,"$10,642.60"
2025-10-03 05:15:00 UTC,2025-10-03 05:15:00+00:00,8.678,-3.48%,-3.41%,-3.09%,False,False,,,,,,,"$10,642.60"
2025-10-03 05:30:00 UTC,2025-10-03 05:30:00+00:00,8.774,+1.11%,-2.41%,-3.09%,False,False,,,,,,,"$10,642.60"
2025-10-03 05:45:00 UTC,2025-10-03 05:45:00+00:00,8.901,+1.45%,+2.57%,-0.92%,False,False,,,,,,,"$10,642.60"
2025-10-03 06:00:00 UTC,2025-10-03 06:00:00+00:00,8.837,-0.72%,+0.72%,-1.71%,False,False,,,,,,,"$10,642.60"
2025-10-03 06:15:00 UTC,2025-10-03 06:15:00+00:00,8.47,-4.15%,-4.84%,-2.40%,False,False,,,,,,,"$10,642.60"
2025-10-03 06:30:00 UTC,2025-10-03 06:30:00+00:00,8.563,+1.10%,-3.10%,-2.40%,False,False,,,,,,,"$10,642.60"
2025-10-03 06:45:00 UTC,2025-10-03 06:45:00+00:00,8.652,+1.04%,+2.15%,-2.80%,False,False,,,,,,,"$10,642.60"
2025-10-03 07:00:00 UTC,2025-10-03 07:00:00+00:00,9.023,+4.29%,+5.37%,+2.10%,False,False,,,,,,,"$10,642.60"
2025-10-03 07:15:00 UTC,2025-10-03 07:15:00+00:00,8.846,-1.96%,+2.24%,+4.44%,False,False,,,,,,,"$10,642.60"
2025-10-03 07:30:00 UTC,2025-10-03 07:30:00+00:00,8.767,-0.89%,-2.84%,+2.38%,False,False,,,,,,,"$10,642.60"
2025-10-03 07:45:00 UTC,2025-10-03 07:45:00+00:00,8.784,+0.19%,-0.70%,+1.53%,False,False,,,,,,,"$10,642.60"
2025-10-03 08:00:00 UTC,2025-10-03 08:00:00+00:00,8.835,+0.58%,+0.78%,-2.08%,False,False,,,,,,,"$10,642.60"
2025-10-03 08:15:00 UTC,2025-10-03 08:15:00+00:00,8.953,+1.34%,+1.92%,+1.21%,False,False,,,,,,,"$10,642.60"
2025-10-03 08:30:00 UTC,2025-10-03 08:30:00+00:00,8.739,-2.39%,-1.09%,-0.32%,False,False,,,,,,,"$10,642.60"
2025-10-03 08:45:00 UTC,2025-10-03 08:45:00+00:00,8.826,+1.00%,-1.42%,+0.48%,False,False,,,,,,,"$10,642.60"
2025-10-03 09:00:00 UTC,2025-10-03 09:00:00+00:00,8.869,+0.49%,+1.49%,+0.38%,False,False,,,,,,,"$10,642.60"
2025-10-03 09:15:00 UTC,2025-10-03 09:15:00+00:00,8.876,+0.08%,+0.57%,-0.86%,False,False,,,,,,,"$10,642.60"
2025-10-03 09:30:00 UTC,2025-10-03 09:30:00+00:00,8.902,+0.29%,+0.37%,+1.87%,False,False,,,,,,,"$10,642.60"
2025-10-03 09:45:00 UTC,2025-10-03 09:45:00+00:00,8.897,-0.06%,+0.24%,+0.80%,False,False,,,,,,,"$10,642.60"
2025-10-03 10:00:00 UTC,2025-10-03 10:00:00+00:00,8.778,-1.34%,-1.39%,-1.03%,False,False,,,,,,,"$10,642.60"
2025-10-03 10:15:00 UTC,2025-10-03 10:15:00+00:00,8.658,-1.37%,-2.69%,-2.46%,False,False,,,,,,,"$10,642.60"
2025-10-03 10:30:00 UTC,2025-10-03 10:30:00+00:00,8.693,+0.40%,-0.97%,-2.35%,False,False,,,,,,,"$10,642.60"
2025-10-03 10:45:00 UTC,2025-10-03 10:45:00+00:00,8.593,-1.15%,-0.75%,-3.42%,False,False,,,,,,,"$10,642.60"
2025-10-03 11:00:00 UTC,2025-10-03 11:00:00+00:00,8.911,+3.70%,+2.51%,+1.52%,False,False,,,,,,,"$10,642.60"
2025-10-03 11:15:00 UTC,2025-10-03 11:15:00+00:00,8.741,-1.91%,+1.72%,+0.96%,False,False,,,,,,,"$10,642.60"
2025-10-03 11:30:00 UTC,2025-10-03 11:30:00+00:00,8.749,+0.09%,-1.82%,+0.64%,False,False,,,,,,,"$10,642.60"
2025-10-03 11:45:00 UTC,2025-10-03 11:45:00+00:00,8.705,-0.50%,-0.41%,+1.30%,False,False,,,,,,,"$10,642.60"
2025-10-03 12:00:00 UTC,2025-10-03 12:00:00+00:00,8.561,-1.65%,-2.15%,-3.93%,False,False,,,,,,,"$10,642.60"
2025-10-03 12:15:00 UTC,2025-10-03 12:15:00+00:00,8.446,-1.34%,-2.98%,-3.37%,False,False,,,,,,,"$10,642.60"
2025-10-03 12:30:00 UTC,2025-10-03 12:30:00+00:00,8.534,+1.04%,-0.32%,-2.46%,False,False,,,,,,,"$10,642.60"
2025-10-03 12:45:00 UTC,2025-10-03 12:45:00+00:00,8.477,-0.67%,+0.37%,-2.62%,False,False,,,,,,,"$10,642.60"
2025-10-03 13:00:00 UTC,2025-10-03 13:00:00+00:00,8.198,-3.29%,-3.94%,-4.24%,False,False,,,,,,,"$10,642.60"
2025-10-03 13:15:00 UTC,2025-10-03 13:15:00+00:00,8.364,+2.02%,-1.33%,-0.97%,False,False,,,,,,,"$10,642.60"
2025-10-03 13:30:00 UTC,2025-10-03 13:30:00+00:00,8.349,-0.18%,+1.84%,-2.17%,False,False,,,,,,,"$10,642.60"
2025-10-03 13:45:00 UTC,2025-10-03 13:45:00+00:00,8.28,-0.83%,-1.00%,-2.32%,False,False,,,,,,,"$10,642.60"
2025-10-03 14:00:00 UTC,2025-10-03 14:00:00+00:00,8.263,-0.21%,-1.03%,+0.79%,False,False,,,,,,,"$10,642.60"
2025-10-03 14:15:00 UTC,2025-10-03 14:15:00+00:00,8.411,+1.79%,+1.58%,+0.56%,False,False,,,,,,,"$10,642.60"
2025-10-03 14:30:00 UTC,2025-10-03 14:30:00+00:00,8.276,-1.61%,+0.16%,-0.87%,False,False,,,,,,,"$10,642.60"
2025-10-03 14:45:00 UTC,2025-10-03 14:45:00+00:00,8.281,+0.06%,-1.55%,+0.01%,False,False,,,,,,,"$10,642.60"
2025-10-03 15:00:00 UTC,2025-10-03 15:00:00+00:00,8.306,+0.30%,+0.36%,+0.52%,False,False,,,,,,,"$10,642.60"
2025-10-03 15:15:00 UTC,2025-10-03 15:15:00+00:00,8.36,+0.65%,+0.95%,-0.61%,False,False,,,,,,,"$10,642.60"
2025-10-03 15:30:00 UTC,2025-10-03 15:30:00+00:00,8.588,+2.73%,+3.40%,+3.77%,False,False,,,,,,,"$10,642.60"
2025-10-03 15:45:00 UTC,2025-10-03 15:45:00+00:00,8.615,+0.31%,+3.05%,+4.03%,False,False,,,,,,,"$10,642.60"
2025-10-03 16:00:00 UTC,2025-10-03 16:00:00+00:00,8.732,+1.36%,+1.68%,+5.13%,False,False,,,,,,,"$10,642.60"
2025-10-03 16:15:00 UTC,2025-10-03 16:15:00+00:00,8.923,+2.19%,+3.58%,+6.73%,False,False,,,,,,,"$10,642.60"
2025-10-03 16:30:00 UTC,2025-10-03 16:30:00+00:00,8.659,-2.96%,-0.84%,+0.83%,False,False,,,,,,,"$10,642.60"
2025-10-03 16:45:00 UTC,2025-10-03 16:45:00+00:00,8.62,-0.45%,-3.40%,+0.06%,False,False,,,,,,,"$10,642.60"
2025-10-03 17:00:00 UTC,2025-10-03 17:00:00+00:00,8.518,-1.18%,-1.63%,-2.45%,False,False,,,,,,,"$10,642.60"
2025-10-03 17:15:00 UTC,2025-10-03 17:15:00+00:00,8.467,-0.60%,-1.77%,-5.11%,False,False,,,,,,,"$10,642.60"
2025-10-03 17:30:00 UTC,2025-10-03 17:30:00+00:00,8.442,-0.30%,-0.89%,-2.51%,False,False,,,,,,,"$10,642.60"
2025-10-03 17:45:00 UTC,2025-10-03 17:45:00+00:00,8.474,+0.38%,+0.08%,-1.69%,False,False,,,,,,,"$10,642.60"
2025-10-03 18:00:00 UTC,2025-10-03 18:00:00+00:00,8.496,+0.26%,+0.64%,-0.26%,False,False,,,,,,,"$10,642.60"
2025-10-03 18:15:00 UTC,2025-10-03 18:15:00+00:00,8.538,+0.49%,+0.76%,+0.84%,False,False,,,,,,,"$10,642.60"
2025-10-03 18:30:00 UTC,2025-10-03 18:30:00+00:00,8.688,+1.76%,+2.26%,+2.91%,False,False,,,,,,,"$10,642.60"
2025-10-03 18:45:00 UTC,2025-10-03 18:45:00+00:00,8.581,-1.23%,+0.50%,+1.26%,False,False,,,,,,,"$10,642.60"
2025-10-03 19:00:00 UTC,2025-10-03 19:00:00+00:00,8.537,-0.51%,-1.74%,+0.48%,False,False,,,,,,,"$10,642.60"
2025-10-03 19:15:00 UTC,2025-10-03 19:15:00+00:00,8.472,-0.76%,-1.27%,-0.77%,False,False,,,,,,,"$10,642.60"
2025-10-03 19:30:00 UTC,2025-10-03 19:30:00+00:00,8.395,-0.91%,-1.66%,-3.37%,False,False,,,,,,,"$10,642.60"
2025-10-03 19:45:00 UTC,2025-10-03 19:45:00+00:00,8.412,+0.20%,-0.71%,-1.97%,False,False,,,,,,,"$10,642.60"
2025-10-03 20:00:00 UTC,2025-10-03 20:00:00+00:00,8.378,-0.40%,-0.20%,-1.86%,False,False,,,,,,,"$10,642.60"
2025-10-03 20:15:00 UTC,2025-10-03 20:15:00+00:00,8.37,-0.10%,-0.50%,-1.20%,False,False,,,,,,,"$10,642.60"
2025-10-03 20:30:00 UTC,2025-10-03 20:30:00+00:00,8.306,-0.76%,-0.86%,-1.06%,False,False,,,,,,,"$10,642.60"
2025-10-03 20:45:00 UTC,2025-10-03 20:45:00+00:00,8.247,-0.71%,-1.47%,-1.96%,False,False,,,,,,,"$10,642.60"
2025-10-03 21:00:00 UTC,2025-10-03 21:00:00+00:00,8.316,+0.84%,+0.12%,-0.74%,False,False,,,,,,,"$10,642.60"
2025-10-03 21:15:00 UTC,2025-10-03 21:15:00+00:00,8.327,+0.13%,+0.97%,-0.51%,False,False,,,,,,,"$10,642.60"
2025-10-03 21:30:00 UTC,2025-10-03 21:30:00+00:00,8.327,+0.00%,+0.13%,+0.25%,False,False,,,,,,,"$10,642.60"
2025-10-03 21:45:00 UTC,2025-10-03 21:45:00+00:00,8.559,+2.79%,+2.79%,+3.78%,False,False,,,,,,,"$10,642.60"
2025-10-03 22:00:00 UTC,2025-10-03 22:00:00+00:00,8.568,+0.11%,+2.89%,+3.03%,False,False,,,,,,,"$10,642.60"
2025-10-03 22:15:00 UTC,2025-10-03 22:15:00+00:00,8.569,+0.01%,+0.12%,+2.91%,False,False,,,,,,,"$10,642.60"
2025-10-03 22:30:00 UTC,2025-10-03 22:30:00+00:00,8.5,-0.81%,-0.79%,+2.08%,False,False,,,,,,,"$10,642.60"
2025-10-03 22:45:00 UTC,2025-10-03 22:45:00+00:00,8.384,-1.36%,-2.16%,-2.04%,False,False,,,,,,,"$10,642.60"
2025-10-03 23:00:00 UTC,2025-10-03 23:00:00+00:00,8.461,+0.92%,-0.46%,-1.25%,False,False,,,,,,,"$10,642.60"
2025-10-03 23:15:00 UTC,2025-10-03 23:15:00+00:00,8.348,-1.34%,-0.43%,-2.58%,False,False,,,,,,,"$10,642.60"
2025-10-03 23:30:00 UTC,2025-10-03 23:30:00+00:00,8.254,-1.13%,-2.45%,-2.89%,False,False,,,,,,,"$10,642.60"
2025-10-03 23:45:00 UTC,2025-10-03 23:45:00+00:00,8.27,+0.19%,-0.93%,-1.36%,False,False,,,,,,,"$10,642.60"
2025-10-04 00:00:00 UTC,2025-10-04 00:00:00+00:00,8.305,+0.42%,+0.62%,-1.84%,False,False,,,,,,,"$10,642.60"
2025-10-04 00:15:00 UTC,2025-10-04 00:15:00+00:00,7.291,-12.21%,-11.84%,-12.66%,True,False,open_long,Open LONG (signal: deep drop),long,7.2946455,291.7919762264541,2128.5190263164104,"$10,641.11"
2025-10-04 00:30:00 UTC,2025-10-04 00:30:00+00:00,7.877,+8.04%,-5.15%,-4.57%,False,True,close_long_tp,Close LONG (TP hit),,,,,"$10,806.78"
2025-10-04 00:45:00 UTC,2025-10-04 00:45:00+00:00,7.702,-2.22%,+5.64%,-6.87%,False,False,,,,,,,"$10,806.78"
2025-10-04 01:00:00 UTC,2025-10-04 01:00:00+00:00,8.104,+5.22%,+2.88%,-2.42%,False,True,open_short,Open SHORT (quick rise),short,8.099948,266.83589191793294,2161.3568490688767,"$10,805.27"
2025-10-04 01:15:00 UTC,2025-10-04 01:15:00+00:00,8.276,+2.12%,+7.45%,+13.51%,False,False,,,short,8.099948,266.83589191793294,2161.3568490688767,"$10,805.27"
2025-10-04 01:30:00 UTC,2025-10-04 01:30:00+00:00,7.71,-6.84%,-4.86%,-2.12%,False,False,,,short,8.099948,266.83589191793294,2161.3568490688767,"$10,805.27"
2025-10-04 01:45:00 UTC,2025-10-04 01:45:00+00:00,6.853,-11.12%,-17.19%,-11.02%,False,False,,,short,8.099948,266.83589191793294,2161.3568490688767,"$10,805.27"
2025-10-04 02:00:00 UTC,2025-10-04 02:00:00+00:00,6.781,-1.05%,-12.05%,-16.33%,False,False,,,short,8.099948,266.83589191793294,2161.3568490688767,"$10,805.27"
2025-10-04 02:15:00 UTC,2025-10-04 02:15:00+00:00,6.759,-0.32%,-1.37%,-18.33%,False,False,,,short,8.099948,266.83589191793294,2161.3568490688767,"$10,805.27"
2025-10-04 02:30:00 UTC,2025-10-04 02:30:00+00:00,7.035,+4.08%,+3.75%,-8.75%,False,False,,,short,8.099948,266.83589191793294,2161.3568490688767,"$10,805.27"
2025-10-04 02:45:00 UTC,2025-10-04 02:45:00+00:00,6.839,-2.79%,+1.18%,-0.20%,False,False,,,short,8.099948,266.83589191793294,2161.3568490688767,"$10,805.27"
2025-10-04 03:00:00 UTC,2025-10-04 03:00:00+00:00,6.808,-0.45%,-3.23%,+0.40%,False,False,,,short,8.099948,266.83589191793294,2161.3568490688767,"$10,805.27"
2025-10-04 03:15:00 UTC,2025-10-04 03:15:00+00:00,6.749,-0.87%,-1.32%,-0.15%,False,False,,,short,8.099948,266.83589191793294,2161.3568490688767,"$10,805.27"
2025-10-04 03:30:00 UTC,2025-10-04 03:30:00+00:00,6.46,-4.28%,-5.11%,-8.17%,False,False,,,short,8.099948,266.83589191793294,2161.3568490688767,"$10,805.27"
2025-10-04 03:45:00 UTC,2025-10-04 03:45:00+00:00,6.317,-2.21%,-6.40%,-7.63%,False,False,,,short,8.099948,266.83589191793294,2161.3568490688767,"$10,805.27"
2025-10-04 04:00:00 UTC,2025-10-04 04:00:00+00:00,6.032,-4.51%,-6.63%,-11.40%,False,False,,,short,8.099948,266.83589191793294,2161.3568490688767,"$10,805.27"
2025-10-04 04:15:00 UTC,2025-10-04 04:15:00+00:00,6.259,+3.76%,-0.92%,-7.26%,False,False,,,short,8.099948,266.83589191793294,2161.3568490688767,"$10,805.27"
2025-10-04 04:30:00 UTC,2025-10-04 04:30:00+00:00,5.812,-7.14%,-3.65%,-10.03%,False,False,,,short,8.099948,266.83589191793294,2161.3568490688767,"$10,805.27"
2025-10-04 04:45:00 UTC,2025-10-04 04:45:00+00:00,5.389,-7.28%,-13.90%,-14.69%,True,False,open_long,Open LONG (signal: deep drop),long,5.3916945,400.811703836337,2161.054259110007,"$11,523.90"
2025-10-04 05:00:00 UTC,2025-10-04 05:00:00+00:00,5.752,+6.74%,-1.03%,-4.64%,False,True,close_long_tp,Close LONG (TP hit),,,,,"$11,664.03"
2025-10-04 05:15:00 UTC,2025-10-04 05:15:00+00:00,5.884,+2.29%,+9.19%,-5.99%,False,False,,,,,,,"$11,664.03"
2025-10-04 05:30:00 UTC,2025-10-04 05:30:00+00:00,6.53,+10.98%,+13.53%,+12.35%,False,True,open_short,Open SHORT (quick rise),short,6.526735,357.4232422564686,2332.806785048773,"$11,662.40"
2025-10-04 05:45:00 UTC,2025-10-04 05:45:00+00:00,6.343,-2.86%,+7.80%,+17.70%,False,False,,,short,6.526735,357.4232422564686,2332.806785048773,"$11,662.40"
2025-10-04 06:00:00 UTC,2025-10-04 06:00:00+00:00,6.42,+1.21%,-1.68%,+11.61%,False,False,,,short,6.526735,357.4232422564686,2332.806785048773,"$11,662.40"
2025-10-04 06:15:00 UTC,2025-10-04 06:15:00+00:00,6.483,+0.98%,+2.21%,+10.18%,False,False,,,short,6.526735,357.4232422564686,2332.806785048773,"$11,662.40"
2025-10-04 06:30:00 UTC,2025-10-04 06:30:00+00:00,6.335,-2.28%,-1.32%,-2.99%,False,False,,,short,6.526735,357.4232422564686,2332.806785048773,"$11,662.40"
2025-10-04 06:45:00 UTC,2025-10-04 06:45:00+00:00,6.378,+0.68%,-1.62%,+0.55%,False,False,,,short,6.526735,357.4232422564686,2332.806785048773,"$11,662.40"
2025-10-04 07:00:00 UTC,2025-10-04 07:00:00+00:00,6.067,-4.88%,-4.23%,-5.50%,False,False,,,short,6.526735,357.4232422564686,2332.806785048773,"$11,662.40"
2025-10-04 07:15:00 UTC,2025-10-04 07:15:00+00:00,5.758,-5.09%,-9.72%,-11.18%,False,False,,,short,6.526735,357.4232422564686,2332.806785048773,"$11,662.40"
2025-10-04 07:30:00 UTC,2025-10-04 07:30:00+00:00,5.772,+0.24%,-4.86%,-8.89%,False,False,,,short,6.526735,357.4232422564686,2332.806785048773,"$11,662.40"
2025-10-04 07:45:00 UTC,2025-10-04 07:45:00+00:00,5.811,+0.68%,+0.92%,-8.89%,False,False,,,short,6.526735,357.4232422564686,2332.806785048773,"$11,662.40"
2025-10-04 08:00:00 UTC,2025-10-04 08:00:00+00:00,5.579,-3.99%,-3.34%,-8.04%,False,False,,,short,6.526735,357.4232422564686,2332.806785048773,"$11,662.40"
2025-10-04 08:15:00 UTC,2025-10-04 08:15:00+00:00,5.786,+3.71%,-0.43%,+0.49%,False,False,,,short,6.526735,357.4232422564686,2332.806785048773,"$11,662.40"
2025-10-04 08:30:00 UTC,2025-10-04 08:30:00+00:00,5.677,-1.88%,+1.76%,-1.65%,False,False,,,short,6.526735,357.4232422564686,2332.806785048773,"$11,662.40"
2025-10-04 08:45:00 UTC,2025-10-04 08:45:00+00:00,5.662,-0.26%,-2.14%,-2.56%,False,False,,,short,6.526735,357.4232422564686,2332.806785048773,"$11,662.40"
2025-10-04 09:00:00 UTC,2025-10-04 09:00:00+00:00,5.742,+1.41%,+1.14%,+2.92%,False,False,,,short,6.526735,357.4232422564686,2332.806785048773,"$11,662.40"
2025-10-04 09:15:00 UTC,2025-10-04 09:15:00+00:00,5.716,-0.45%,+0.95%,-1.21%,False,False,,,short,6.526735,357.4232422564686,2332.806785048773,"$11,662.40"
